typoID,sourceID,songID,titel,wijze,jaartal,schrijver,vereniging_schrijver
,herinnering,??-herinnering-01,Herinnering en vooruitgang,Zoo als het begint,,,
,liederen1863,??-liederen1863-01,Oranje boven,Wien Neerlands bloed,1863,H. Stühr,amsterdam1849
,liederen1863,??-liederen1863-02,“16 November 1863,Io Vivat,1863,R. Ruitenschild,amsterdam1857-1
,liederen1863,??-liederen1863-03,Neerlands Vrijheid,"Goeden morgen, mijn heer Becker",1863,A. Grevenstuk,amsterdam1857-1
,liederen1863,??-liederen1863-04,Weinig maar uit een goed hart,Wien Neerlands bloed,1863,P. Werthweijn,amsterdam1857-1
,liederen1863,??-liederen1863-05,"Drukpers, Nijverheid en Kunst",De wereld is in rep en roer,1863,J.M. Knapp,amsterdam1849
,liederen1863,??-liederen1863-06,De volksgeest,"Bij mannen, die van liefde blaken",1863,M. Smidt,amsterdam1857-1
,liederen1863,??-liederen1863-07,1813 – Volkslied – 1863,Wien Neerlands bloed,1863,W. Farber,amsterdam1857-1
,liederen1863,??-liederen1863-08,Amsterdam op 16 november 1863,De wereld is in rep en roer,1863,M. Smidt,amsterdam1857-1
,liederen1863,??-liederen1863-09,Feestlied 1813-1863,Wien Neerlands bloed,1863,M. Smidt,amsterdam1857-1
,liederen1863,??-liederen1863-10,Hoezee!,Vivat papa Chasse,1863,A.J. Kreyts,amsterdam1849
,liederen1863,??-liederen1863-11,Potpourri,,1863,H. van Nifterick,amsterdam1857-1
,album1856,album1856-01,Welkomstgroet,Goeden nacht (uit den Barbier),1856,J. Breeman,amsterdam1849
,album1856,album1856-02,Aan de commissie tot oprigting van het Standbeeld van Lourens Jansz. Coster,Schep vreugde in 't leven,1856,B. Kuit,denhaag1843
,album1856,album1856-03,Hulde aan Haarlem,Eens werd er aan de zeeuwsche kust,1856,C. Mommaas,utrecht1851
,album1856,album1856-04,Eer aan Lourens Jansz. Coster,De wereld is in rep en roer,1856,,utrecht1851
,album1856,album1856-05,COSTERS EER GEHANDHAAFD,Wien Neerlands bloed,1856,J.H. Regenboog,denhaag1843
,album1856,album1856-06,COSTERS EERE,Henri's drinklied,1856,J. Clausen,amsterdam1849
,album1856,album1856-07,TOT COSTERS EER,Wien Neerlands bloed,1856,J.P. Bladergroen,rotterdam1849
,album1856,album1856-08,Danktoon,Henri's drinklied,1856,A. Hogenhuis,amsterdam1849
,album1856,album1856-09,HEIL DE KUNST,Henri's drinklied,1856,G. Nijman,denbosch1849
,album1856,album1856-10,HULDE AAN COSTERS STANDBEELD,O vader Abraham,1856,J.H.F. Bartels,amsterdam1849
,album1856,album1856-11,BROEDERLIED VOOR TYPOGRAPHISCHE VEREENIGINGEN,O groote koopman in tabak,1856,M. Uitenbosch,haarlem1851
,album1856,album1856-12,Feestvreugde,Io Vivat,1856,R. van der Star,amsterdam1849
,album1856,album1856-13,HERINNERINGS - ZANG,"Is 't u bekend, getrouwe burgerscharen?",1856,C. Mommaas,utrecht1851
,album1856,album1856-14,COSTERS LOF,,1856,W.J. de Gruijter,denhaag1843
,album1856,album1856-15,TER EERE VAN COSTER,O vader Abraham,1856,J.F. Vissers,amsterdam1849
,album1856,album1856-16,DE BRON DER KUNSTEN,De wereld is in rep en roer,1856,J.H. Regenboog,denhaag1843
,album1856,album1856-17,NEDERLAND,Een vrolijk leven is ons lot,1856,J. Lamsveldt,amsterdam1849
,album1856,album1856-18,BANIEREN ZANG DER TYPOGRAPHISCHE VEREENIGINGEN BINNEN HAARLEM,De wereld is in rep en roer,1856,,utrecht1851
,album1856,album1856-19,ROEM VAN NEERLANDS GROND,Wien Neerlands bloed,1856,H. Stühr,amsterdam1849
,album1856,album1856-20,Haarlems Roem,Henri's drinklied,1856,A. Kreyts,amsterdam1849
,album1856,album1856-21,HULDE AAN COSTER,Ik ben een Nederlandsch Soldaat,1856,J.H. Regenboog,denhaag1843
,album1856,album1856-22,COSTERS VERHUIZING,Wie praalt aan 't hoofd der Heldenstoet,1856,J.J. Steen,amsterdam1849
,album1856,album1856-23,TOAST,Henri's drinklied,1856,B. Kuit,denhaag1843
,album1856,album1856-24,DOOR EENDRAGT 'T ZAAM VERBONDEN,Wien Neerlands bloed,1856,B. Kuit,denhaag1843
,album1856,album1856-25,Juichtoon bij de onthulling van het metalen standbeeld van Lourens Jansz Coster,Wien Neerlands bloed,1856,N. van Amesfoort,haarlem1851
,album1856,album1856-26,OPWEKKING,De winter komt zijn afscheid geven,1856,C. Boss,haarlem1851
,album1856,album1856-27,Haarlems Vreugdedag,Het Haringlied,1856,J.P. Nobels,haarlem1851
,album1856,album1856-28,FEESTZANG,Hij die in slavernij wil leren. enz.,1856,J.H. Regenboog,denhaag1843
,album1856,album1856-29,Costers standbeeld,Wij leven zeer verstandig,1856,C. Regenboog,amsterdam1849
,album1856,album1856-30,Costers Hulde,"O, hemel! 'k sta hoogst opgetogen",1856,P.C.W. Snijder,denbosch1849
,album1856,album1856-31,DE DRUKKUNST HET ZOUT DER AARDE,De Koning leef,1856,J.H. Regenboog,denhaag1843
,album1856,album1856-32,FEESTLIED BIJ DE ONTHULLING,Wie praalt aan 't hoofd der Heldenstoet,1856,J.H. Regenboog,denhaag1843
,album1856,album1856-33,LOF AAN COSTER,Wien Neerlands bloed,1856,H. Everts,tiel1852
,album1856,album1856-34,Aan het steenen Beeld,"Zeg, kees mijn vrijer",1856,C. Boss,haarlem1851
,album1856,album1856-35,FEESTLIED,Wien Neerlands bloed,1856,J.P. Nobels,haarlem1851
,album1856,album1856-36,Hulde aan Coster,De wereld is in rep en roer,1856,J. Bierdrager,amsterdam1849
,album1856,album1856-37,FEESTLIED,De Koning leef,1856,J. Stom,amsterdam1849
,album1856,album1856-38,"Welkomstgroet aan alle Typographische Vereenigingen op het Onthullings-Feest, te Haarlem",Henri's drinklied,1856,N. van Amesfoort,haarlem1851
,album1856,album1856-39,Verschuldigde dank,Eens werd er aan de zeeuwsche kust,1856,,utrecht1851
,album1856,album1856-40,COSTERS EERE,"Goeden morgen, mijn heer Becker",1856,M. Uitenbosch,haarlem1851
,album1856,album1856-41,HEM ALLEEN DE ROEM,Uit den voddenraper,1856,J.K. de Regt,leiden1854
,album1856,album1856-42,HET NUT VAN COSTERS UITVINDING,Eens werd er aan de zeeuwsche kust,1856,J. Breeman,amsterdam1849
,album1856,album1856-43,DE COSTERS-VEREENIGINGEN,De Koning leef,1856,H. Everts,tiel1852
,album1856,album1856-44,Aan het Feestmaal,Io Vivat,1856,C. Boss,haarlem1851
,album1856,album1856-45,FEESTMARSCH,"Naar de Muzijk van H. Werner. (*) (*) Zie Orpeus, no. 50",1856,J.K. de Regt,leiden1854
,album1856,album1856-46,"COSTERS VINDING, NEERLANDS GLORIE",De Koning leef,1856,J.L. Kröber,amsterdam1849
,album1856,album1856-47,Haarlem op 16 julij 1856,De wereld is in rep en roer,1856,B. Kuit,denhaag1843
,album1856,album1856-48,BEMOEDIGENDE GROETE AAN HET Steenen Beeld,Als de nacht in stille rust,1856,C. Boss,haarlem1851
,album1856,album1856-49,COSTERS HULDE,"Voort, voort mijn lieve Saartje !",1856,J. Breeman,amsterdam1849
,album1856,album1856-50,HULDE AAN COSTER,O groote koopman in tabak,1856,J.P. Nobels,haarlem1851
,album1856,album1856-51,Bij het standbeeld,Henri's drinklied,1856,H. Everts,tiel1852
,album1856,album1856-52,"DE UITVINDING DER BOEKDRUKKUNST. Cantate TE ZINGEN DOOR ALLE LEDEN DER TYPOGRAPHISCHE VEREENIGINGEN, BIJ HET STANDBEELD OF IN DEN HOUT, OP GEMAKKELIJKE EN MEEST BEKENDE ZANGWIJZEN.",,1856,J.K. de Regt,leiden1854
amsterdam1847,amsterdam1847-reglement1848,amsterdam1847-reglement1848-01,,De wereld is in rep en roer,1848,,amsterdam1847
amsterdam1847,amsterdam1847-reglement1848,amsterdam1847-reglement1848-02,,,1848,,amsterdam1847
amsterdam1847,amsterdam1847-reglement1848,amsterdam1847-reglement1848-03,,,1848,,amsterdam1847
amsterdam1847,amsterdam1847-reglement1848,amsterdam1847-reglement1848-04,,,1848,,amsterdam1847
amsterdam1847,amsterdam1847-reglement1848,amsterdam1847-reglement1848-05,,,1848,,amsterdam1847
amsterdam1847,amsterdam1847-reglement1848,amsterdam1847-reglement1848-06,,,1848,,amsterdam1847
amsterdam1847,amsterdam1847-reglement1848,amsterdam1847-reglement1848-07,,,1848,,amsterdam1847
amsterdam1847,amsterdam1847-reglement1848,amsterdam1847-reglement1848-08,,,1848,,amsterdam1847
amsterdam1847,amsterdam1847-reglement1848,amsterdam1847-reglement1848-09,,Io Vivat,1848,,amsterdam1847
amsterdam1847,amsterdam1847-reglement1848,amsterdam1847-reglement1848-10,,Ik ben een Nederlandsch Soldaat,1848,,amsterdam1847
amsterdam1847,amsterdam1847-reglement1848,amsterdam1847-reglement1848-11,,O groote koopman in tabak,1848,,amsterdam1847
amsterdam1847,amsterdam1847-reglement1848,amsterdam1847-reglement1848-12,,Io Vivat,1848,,amsterdam1847
amsterdam1849,amsterdam1849-banierzang1862,amsterdam1849-banierzang1862-01,Banierzang,Wien Neerlands bloed,1862,J.E. Meijer,amsterdam1849
amsterdam1849,amsterdam1849-feestbundel1851,amsterdam1849-feestbundel1851-01,De dankbaarheid,Wie praalt aan 't hoofd der Heldenstoet,1851,,amsterdam1849
amsterdam1849,amsterdam1849-feestbundel1851,amsterdam1849-feestbundel1851-02,De vriendschap,Hoe zoet is ‘t waar de vriendschap woont,1851,,amsterdam1849
amsterdam1849,amsterdam1849-feestbundel1851,amsterdam1849-feestbundel1851-03,Voorzorg en Genoegen,Wien Neerlands bloed,1851,,amsterdam1849
amsterdam1849,amsterdam1849-feestbundel1851,amsterdam1849-feestbundel1851-04,Feestzang,Zoo als het begint,1851,,amsterdam1849
amsterdam1849,amsterdam1849-feestbundel1851,amsterdam1849-feestbundel1851-05,De Medailles,Marchand de parapluies,1851,,amsterdam1849
amsterdam1849,amsterdam1849-feestbundel1851,amsterdam1849-feestbundel1851-06,Feestzang,Wien Neerlands bloed,1851,,amsterdam1849
amsterdam1849,amsterdam1849-feestliederen1852,amsterdam1849-feestliederen1852-01,Feestzang,Zoo als het begint,1852,A.A. Kemper,amsterdam1849
amsterdam1849,amsterdam1849-feestliederen1852,amsterdam1849-feestliederen1852-02,Zoo moet het gaan,"Ziet, vrienden, welk een schoone morgen.",1852,C. Regenboog,amsterdam1849
amsterdam1849,amsterdam1849-feestliederen1852,amsterdam1849-feestliederen1852-03,Het nut van Kosters vinding,Eens werd er aan de zeeuwsche kust,1852,J. Breeman,amsterdam1849
amsterdam1849,amsterdam1849-feestliederen1852,amsterdam1849-feestliederen1852-04,Herinnering,Henri's drinklied,1852,J.M. Hessel,amsterdam1849
amsterdam1849,amsterdam1849-feestliederen1852,amsterdam1849-feestliederen1852-05,De druk,"Wij leven vrij, wij leven blij",1852,J. Lamsveldt,amsterdam1849
amsterdam1849,amsterdam1849-feestliederen1852,amsterdam1849-feestliederen1852-06,Feestlied,"Wij leven vrij, wij leven blij",1852,J. Clausen,amsterdam1849
amsterdam1849,amsterdam1849-feestliederen1852,amsterdam1849-feestliederen1852-07,Kosters Roem,Wie praalt aan 't hoofd der Heldenstoet,1852,S.T. Deinum,amsterdam1849
amsterdam1849,amsterdam1849-feestliederen1852,amsterdam1849-feestliederen1852-08,Hulde aan Koster,Unser alter Staatsverwalter,1852,J.H.F. Bartels,amsterdam1849
amsterdam1849,amsterdam1849-feestliederen1852,amsterdam1849-feestliederen1852-09,Welkomstgroet,"Ziet, vrienden, welk een schoone morgen.",1852,J.M. van Gool,amsterdam1849
amsterdam1849,amsterdam1849-feestliederen1852,amsterdam1849-feestliederen1852-10,Feestlied,Henri's drinklied,1852,J. Stom,amsterdam1849
amsterdam1849,amsterdam1849-feestliederen1852,amsterdam1849-feestliederen1852-11,Feestvreugde,De wereld is in rep en roer,1852,J. Sondervan,amsterdam1849
amsterdam1849,amsterdam1849-feestliederen1852,amsterdam1849-feestliederen1852-12,Haarlems Roem,"Voort, voort mijn lieve Saartje !",1852,J. Breeman,amsterdam1849
amsterdam1849,amsterdam1849-feestliederen1852,amsterdam1849-feestliederen1852-13,Lied op het vereeren der medailles,Marchand de parapluies,1852,J. Buhling,amsterdam1849
amsterdam1849,amsterdam1849-feestliederen1852,amsterdam1849-feestliederen1852-14,Welkomstlied,Henri's drinklied,1852,F. Gerrebrand Croesen,amsterdam1849
amsterdam1849,amsterdam1849-feestliederen1852,amsterdam1849-feestliederen1852-15,Feestzang,De hemel heeft den wijn gegeven,1852,E. Popta,amsterdam1849
amsterdam1849,amsterdam1849-feestliederen1852,amsterdam1849-feestliederen1852-16,Vriendschap en eendragt,Triomf! De vreugde stijgt ten top,1852,F. Gerrebrand Croesen,amsterdam1849
amsterdam1849,amsterdam1849-feestliederen1852,amsterdam1849-feestliederen1852-17,De welkomstgroet,Wien Neerlands bloed,1852,W. Beekman,amsterdam1849
amsterdam1849,amsterdam1849-feestliederen1852,amsterdam1849-feestliederen1852-18,Hulde aan de boekdrukkunst,Daar komt de kiel met goud belaan,1852,J.C. Kröber,amsterdam1849
amsterdam1849,amsterdam1849-feestliederen1852,amsterdam1849-feestliederen1852-19,Het drukkersleven,Es kann ja nicht immer so bleiben,1852,J. Schaftenaar,amsterdam1849
amsterdam1849,amsterdam1849-feestliederen1852,amsterdam1849-feestliederen1852-20,Herinnering,"Wij leven vrij, wij leven blij",1852,J. Koek Jz,amsterdam1849
amsterdam1849,amsterdam1849-feestliederen1852,amsterdam1849-feestliederen1852-21,Verbroedering,Uit de Parijsche studenten,1852,H. Hovers,amsterdam1849
amsterdam1849,amsterdam1849-feestliederen1852,amsterdam1849-feestliederen1852-22,Drinklied,Schilder! ‘k wou mij zelv’ eens zien,1852,W.H. de Fost,amsterdam1849
amsterdam1849,amsterdam1849-feestliederen1857,amsterdam1849-feestliederen1857-01,Jubelzang,De scheepsjongen,1857,C. Regenboog,amsterdam1849
amsterdam1849,amsterdam1849-feestliederen1857,amsterdam1849-feestliederen1857-02,Onze vreugd,Staat uw buurmans huis in brand,1857,A. Hogenhuis,amsterdam1849
amsterdam1849,amsterdam1849-feestliederen1857,amsterdam1849-feestliederen1857-03,Drinklied,Henri's drinklied,1857,J. Stom,amsterdam1849
amsterdam1849,amsterdam1849-feestliederen1857,amsterdam1849-feestliederen1857-04,Coster’s vond,Henri's drinklied,1857,J.H.F. Bartels,amsterdam1849
amsterdam1849,amsterdam1849-feestliederen1857,amsterdam1849-feestliederen1857-05,Feestmarsch,Lust je dan wel peperkoek,1857,J. Breeman,amsterdam1849
amsterdam1849,amsterdam1849-feestliederen1857,amsterdam1849-feestliederen1857-06,Herinnering aan Haarlem,Hebt gij ooit Haarlems stad bezocht,1857,J. Buhling,amsterdam1849
amsterdam1849,amsterdam1849-feestliederen1857,amsterdam1849-feestliederen1857-07,Coster’s Roem,Schilder! ‘k wou mij zelv’ eens zien,1857,K. van Doorn,amsterdam1849
amsterdam1849,amsterdam1849-feestliederen1857,amsterdam1849-feestliederen1857-08,Hulde aan het schoone geslacht,Henri's drinklied,1857,J.M. Knapp,amsterdam1849
amsterdam1849,amsterdam1849-feestliederen1857,amsterdam1849-feestliederen1857-09,Eigen haard is goud waard,Wie praalt aan 't hoofd der Heldenstoet,1857,J.C. Kröber,amsterdam1849
amsterdam1849,amsterdam1849-feestliederen1857,amsterdam1849-feestliederen1857-10,Zonder vrouwtjes geen plaisier,De wereld is in rep en roer,1857,A. Kreyts,amsterdam1849
amsterdam1849,amsterdam1849-feestliederen1857,amsterdam1849-feestliederen1857-11,"De drukkunst, het juweel der aarde","Hij, die als man zijn plicht betracht",1857,J.F. Vissers,amsterdam1849
amsterdam1849,amsterdam1849-feestliederen1857,amsterdam1849-feestliederen1857-12,De boekdrukkunst herdacht,Eens werd er aan de zeeuwsche kust,1857,H. Stühr,amsterdam1849
amsterdam1849,amsterdam1849-feestliederen1857,amsterdam1849-feestliederen1857-13,Opwekking tot dansen,Schep vreugde in 't leven,1857,J.M. van Gool,amsterdam1849
amsterdam1849,amsterdam1849-feestliederen1857,amsterdam1849-feestliederen1857-14,Feestzang,"Trien, Trien",1857,H.A. Mak,amsterdam1849
amsterdam1849,amsterdam1849-feestliederen1857,amsterdam1849-feestliederen1857-15,Een parel aan de kroon der verlichting,Henri's drinklied,1857,J. Bierdrager,amsterdam1849
amsterdam1849,amsterdam1849-feestliederen1857,amsterdam1849-feestliederen1857-16,Feestzang,"Trien, Trien",1857,J.H. Dortmond,amsterdam1849
amsterdam1849,amsterdam1849-feestliederen1858,amsterdam1849-feestliederen1858-01,Typographische feestzang,Eens werd er aan de zeeuwsche kust,1858,A. Hogenhuis,amsterdam1849
amsterdam1849,amsterdam1849-feestliederen1858,amsterdam1849-feestliederen1858-02,Kosters lof,Wien Neerlands bloed,1858,C. Regenboog,amsterdam1849
amsterdam1849,amsterdam1849-feestliederen1858,amsterdam1849-feestliederen1858-03,Drinklied,Io Vivat,1858,J. Stom,amsterdam1849
amsterdam1849,amsterdam1849-feestliederen1858,amsterdam1849-feestliederen1858-04,Drinklied,Io Vivat,1858,J.H.F. Bartels,amsterdam1849
amsterdam1849,amsterdam1849-feestliederen1858,amsterdam1849-feestliederen1858-05,Een nieuw lied op een oude wijs,Hij zwaait met zijn hoedje het laatste vaarwel,1858,J. Breeman,amsterdam1849
amsterdam1849,amsterdam1849-feestliederen1858,amsterdam1849-feestliederen1858-06,Coster’s Eere,Wien Neerlands bloed,1858,J. Clausen,amsterdam1849
amsterdam1849,amsterdam1849-feestliederen1858,amsterdam1849-feestliederen1858-07,Costers blijdschap,Hij zet zijn hoed op zij,1858,R. van der Star,amsterdam1849
amsterdam1849,amsterdam1849-feestliederen1858,amsterdam1849-feestliederen1858-08,De boekdrukkunst in hare waarde,Makkers brengt met stem en snaren,1858,H. Stühr,amsterdam1849
amsterdam1849,amsterdam1849-feestliederen1858,amsterdam1849-feestliederen1858-09,Boekdrukkunst de kunst der kunsten,"Helden, broeders, Nederlanders",1858,J.F. Vissers,amsterdam1849
amsterdam1849,amsterdam1849-feestliederen1858,amsterdam1849-feestliederen1858-10,Feestvreugde,In de Nes,1858,J.M. Knapp,amsterdam1849
amsterdam1849,amsterdam1849-feestliederen1858,amsterdam1849-feestliederen1858-11,Onze koppervreugd,Op de breestraat,1858,A.J. Kreyts,amsterdam1849
amsterdam1849,amsterdam1849-feestliederen1858,amsterdam1849-feestliederen1858-12,Herinnering,Makkers brengt met stem en snaren,1858,J.M. van Gool,amsterdam1849
amsterdam1849,amsterdam1849-feestliederen1858,amsterdam1849-feestliederen1858-13,Aan de Typographische Zangvereeniging: Lourens Jansz Coster,De wereld is in rep en roer,1858,J.J. Wakker,amsterdam1849
amsterdam1849,amsterdam1849-feestliederen1859,amsterdam1849-feestliederen1859-01,Feestzang der Typographen,Marseillaise,1859,J.M. van Gool,amsterdam1849
amsterdam1849,amsterdam1849-feestliederen1859,amsterdam1849-feestliederen1859-02,Ons feest,Wien Neerlands bloed,1859,J. Stom,amsterdam1849
amsterdam1849,amsterdam1849-feestliederen1859,amsterdam1849-feestliederen1859-03,Lof der drukkunst,Hij die als man zijn pligt betracht,1859,H. Stühr,amsterdam1849
amsterdam1849,amsterdam1849-feestliederen1859,amsterdam1849-feestliederen1859-04,Opwekking tot feestvreugde,Henri's drinklied,1859,J.M. Knapp,amsterdam1849
amsterdam1849,amsterdam1849-feestliederen1859,amsterdam1849-feestliederen1859-05,Aan Koster,Wien Neerlands bloed,1859,J.F. Vissers,amsterdam1849
amsterdam1849,amsterdam1849-feestliederen1859,amsterdam1849-feestliederen1859-06,Voorzorg en Genoegen,Wien Neerlands bloed,1859,J.H.F. Bartels,amsterdam1849
amsterdam1849,amsterdam1849-feestliederen1859,amsterdam1849-feestliederen1859-07,Aan de typographische zangvereeniging Laurens Jansz Coster,Io Vivat,1859,J.J. Wacker,amsterdam1849
amsterdam1849,amsterdam1849-feestliederen1859,amsterdam1849-feestliederen1859-08,Een verstandige raad,Wie praalt aan 't hoofd der Heldenstoet,1859,R. van der Star,amsterdam1849
amsterdam1849,amsterdam1849-feestliederen1859,amsterdam1849-feestliederen1859-09,Hulde lied,De wereld is in rep en roer,1859,J. Clausen,amsterdam1849
amsterdam1849,amsterdam1849-feestliederen1859,amsterdam1849-feestliederen1859-10,Hulde aan Voorzorg en Genoegen,Bij het klinken der bokalen,1859,A. Kreyts,amsterdam1849
amsterdam1849,amsterdam1849-feestliederen1859,amsterdam1849-feestliederen1859-11,Costers uitvinding,Io Vivat,1859,F.H. Selse,amsterdam1849
amsterdam1849,amsterdam1849-feestliederen1859,amsterdam1849-feestliederen1859-12,Ons tienjarig bestaan,Zoo als het begint,1859,J. Breeman,amsterdam1849
amsterdam1849,amsterdam1849-feestliederen1859,amsterdam1849-feestliederen1859-13,Wederzien,Scheiden,1859,K. de Jong,amsterdam1849
amsterdam1849,amsterdam1849-feestliederen1862,amsterdam1849-feestliederen1862-01,Welkomstgroet,Van alle landen op deez’ aard,1862,J. Buhling,amsterdam1849
amsterdam1849,amsterdam1849-feestliederen1862,amsterdam1849-feestliederen1862-02,Welkom,Henri's drinklied,1862,H. Regenboog,amsterdam1849
amsterdam1849,amsterdam1849-feestliederen1862,amsterdam1849-feestliederen1862-03,Hulde aan Voorzorg en Genoegen,Colijn een brave boeren zoon,1862,J. Stom,amsterdam1849
amsterdam1849,amsterdam1849-feestliederen1862,amsterdam1849-feestliederen1862-04,Een nieuw liedje,op een oud wijsje,1862,A.J. Kreyts,amsterdam1849
amsterdam1849,amsterdam1849-feestliederen1862,amsterdam1849-feestliederen1862-05,Hulde en dank aan den heer Breeman,Wien Neerlands bloed,1862,,amsterdam1849
amsterdam1849,amsterdam1849-feestliederen1862,amsterdam1849-feestliederen1862-06,De boekdrukkunst beschouwd als het licht der volken,Makkers brengt met stem en snaren,1862,H. Stühr,amsterdam1849
amsterdam1849,amsterdam1849-feestliederen1862,amsterdam1849-feestliederen1862-07,Hulde aan Lourens Janszoon Coster,Io Vivat,1862,J.F. Vissers,amsterdam1849
amsterdam1849,amsterdam1849-feestliederen1862,amsterdam1849-feestliederen1862-08,Feestlied,Op de breestraat,1862,H. Regenboog,amsterdam1849
amsterdam1849,amsterdam1849-feestliederen1863,amsterdam1849-feestliederen1863-01,Hulde aan het bestuur en de leden aan heeren honoraire leden en donateurs,Hij die als man zijn pligt betracht,1863,,amsterdam1849
amsterdam1849,amsterdam1849-feestliederen1863,amsterdam1849-feestliederen1863-02,Welkomstgroet,Henri's drinklied,1863,J. Langenbach,amsterdam1849
amsterdam1849,amsterdam1849-feestliederen1863,amsterdam1849-feestliederen1863-03,Ons genoegen,Henri's drinklied,1863,K. de Jong,amsterdam1849
amsterdam1849,amsterdam1849-feestliederen1863,amsterdam1849-feestliederen1863-04,Hulde en dank aan het werkend gezelschap,Marchand de parapluies,1863,R. van der Star,amsterdam1849
amsterdam1849,amsterdam1849-feestliederen1863,amsterdam1849-feestliederen1863-05,Opwekking tot vreugde,O Vader Abraham,1863,H.A.J. Lievegoed,amsterdam1849
amsterdam1849,amsterdam1849-feestliederen1863,amsterdam1849-feestliederen1863-x,Welkomstgroet aan den burgemeester,De Koning leef,1863,J.E. Meijer,amsterdam1849
amsterdam1849,amsterdam1849-feestliederen1864,amsterdam1849-feestliederen1864-01,Aan heeren donateurs en honnoraire leden,De wereld is in rep en roer,1864,,amsterdam1849
amsterdam1849,amsterdam1849-feestliederen1864,amsterdam1849-feestliederen1864-02,Eene blijde herinnering,Staat uw buurmans huis in brand,1864,C. Regenboog,amsterdam1849
amsterdam1849,amsterdam1849-feestliederen1864,amsterdam1849-feestliederen1864-05,Potpourri,,1864,R. van der Star,amsterdam1849
amsterdam1849,amsterdam1849-feestliederen1864,amsterdam1849-feestliederen1864-06,,Het Hollandsch hart vergat zijn Koning niet,1864,G.F.L. Ormeling,amsterdam1849
amsterdam1849,amsterdam1849-feestliederen1865,amsterdam1849-feestliederen1865-01,Welkomstgroet,De wereld is in rep en roer,1865,,amsterdam1849
amsterdam1849,amsterdam1849-feestliederen1865,amsterdam1849-feestliederen1865-02,Dankbetooning,Wien Neerlands bloed,1865,H. Stühr,amsterdam1849
amsterdam1849,amsterdam1849-feestliederen1865,amsterdam1849-feestliederen1865-03,Feestzang,Wien Neerlands bloed,1865,A.J. Kreyts,amsterdam1849
amsterdam1849,amsterdam1849-feestliederen1865,amsterdam1849-feestliederen1865-04,,Duitsche Vaderland,1865,J. Langenbach,amsterdam1849
amsterdam1849,amsterdam1849-feestliederen1865,amsterdam1849-feestliederen1865-05,Feestvreugde,Henri's drinklied,1865,H. Regenboog,amsterdam1849
amsterdam1849,amsterdam1849-feestliederen1865,amsterdam1849-feestliederen1865-06,Zamenspraak,De wereld is in rep en roer,1865,G.F.L. Ormeling,amsterdam1849
amsterdam1849,amsterdam1849-hoezee1863,amsterdam1849-hoezee1863-01,Hoezee,Vivat papa Chasse,1863,A.J. Kreyts,amsterdam1849
amsterdam1857-1,amsterdam1857-1-buitengewone1861,amsterdam1857-1-buitengewone1861-01,,,1861,P. Werthweijn,amsterdam1857-1
amsterdam1857-1,amsterdam1857-1-buitengewone1861,amsterdam1857-1-buitengewone1861-02,,,1861,P. Werthweijn,amsterdam1857-1
amsterdam1857-1,amsterdam1857-1-buitengewone1861,amsterdam1857-1-buitengewone1861-03,,,1861,P. Werthweijn,amsterdam1857-1
amsterdam1857-1,amsterdam1857-1-buitengewone1861,amsterdam1857-1-buitengewone1861-04,Hulp in waternood,muziek van A. BELINFANTE,1861,Z. Groet,amsterdam1857-1
amsterdam1857-1,amsterdam1857-1-buitengewone1861,amsterdam1857-1-buitengewone1861-05,Janmaat,muziek van Richard Hol,1861,J.P. Heije,amsterdam1857-1
amsterdam1857-1,amsterdam1857-1-feestboekje1859,amsterdam1857-1-feestboekje1859-01,Welkomstlied,Henri's drinklied,1859,J. van den Berg,amsterdam1857-1
amsterdam1857-1,amsterdam1857-1-feestboekje1859,amsterdam1857-1-feestboekje1859-02,Pligten-zang,"Ah, fortune, a ton caprice",1859,M. Smidt,amsterdam1857-1
amsterdam1857-1,amsterdam1857-1-feestboekje1859,amsterdam1857-1-feestboekje1859-03,Lof der drukkunst,Wien Neerlands bloed,1859,P. Werthweijn,amsterdam1857-1
amsterdam1857-1,amsterdam1857-1-feestboekje1859,amsterdam1857-1-feestboekje1859-04,Aan de banier,"Kom, dappre zonen van de zee",1859,H. van Nifterick,amsterdam1857-1
amsterdam1857-1,amsterdam1857-1-feestboekje1859,amsterdam1857-1-feestboekje1859-05,Feestzang,Partant pour la Syrie,1859,M. Smidt,amsterdam1857-1
amsterdam1857-1,amsterdam1857-1-feestboekje1859,amsterdam1857-1-feestboekje1859-06,Aan het bestuur,Wie praalt aan 't hoofd der Heldenstoet,1859,H. van Nifterick,amsterdam1857-1
amsterdam1857-1,amsterdam1857-1-feestboekje1859,amsterdam1857-1-feestboekje1859-07,Beurtzang,Wien Neerlands bloed,1859,D. van Nifterick,amsterdam1857-1
amsterdam1857-1,amsterdam1857-1-feestboekje1859,amsterdam1857-1-feestboekje1859-08,Aan de drukkunst,Laat and’ren morrend klagen,1859,M. Smidt,amsterdam1857-1
amsterdam1857-1,amsterdam1857-1-feestboekje1859,amsterdam1857-1-feestboekje1859-09,Aan de leden,De wereld is in rep en roer,1859,P. Werthweijn,amsterdam1857-1
amsterdam1857-1,amsterdam1857-1-feestboekje1859,amsterdam1857-1-feestboekje1859-10,Feestzang,Wien Neerlands bloed,1859,J. van den Berg,amsterdam1857-1
amsterdam1857-1,amsterdam1857-1-feestboekje1859,amsterdam1857-1-feestboekje1859-11,Matigheid,Hoe zoet is ‘t waar de vriendschap woont,1859,D. van Nifterick,amsterdam1857-1
amsterdam1857-1,amsterdam1857-1-feestboekje1859,amsterdam1857-1-feestboekje1859-12,Aan de drukkunst,"Een schildwacht, die in duistre nacht",1859,H. van Nifterick,amsterdam1857-1
amsterdam1857-1,amsterdam1857-1-feestboekje1859,amsterdam1857-1-feestboekje1859-13,Feestvreugde,De wereld is in rep en roer,1859,F. van Rossen,amsterdam1857-1
amsterdam1857-1,amsterdam1857-1-feestboekje1859,amsterdam1857-1-feestboekje1859-14,Slotzang,Wien Neerlands bloed,1859,J. van den Berg,amsterdam1857-1
amsterdam1857-1,amsterdam1857-1-feestboekje1861,amsterdam1857-1-feestboekje1861-01,Welkomstlied,Schep vreugde in 't leven,1861,R. Ruitenschild,amsterdam1857-1
amsterdam1857-1,amsterdam1857-1-feestboekje1861,amsterdam1857-1-feestboekje1861-02,Hulde aan Lourens Coster,Wien Neerlands bloed,1861,F.W. Vislaake,amsterdam1857-1
amsterdam1857-1,amsterdam1857-1-feestboekje1861,amsterdam1857-1-feestboekje1861-03,Opwekkings-lied,"Herinnert ge u, getrouwe burgerscharen",1861,M. Smidt,amsterdam1857-1
amsterdam1857-1,amsterdam1857-1-feestboekje1861,amsterdam1857-1-feestboekje1861-04,Opwekking tot eendragtige feestvreugde,Schilder! ‘k wou mij zelv’ eens zien,1861,D. Meijer,amsterdam1857-1
amsterdam1857-1,amsterdam1857-1-feestboekje1861,amsterdam1857-1-feestboekje1861-05,Feestzang,De wereld is in rep en roer,1861,M. Smidt,amsterdam1857-1
amsterdam1857-1,amsterdam1857-1-feestboekje1861,amsterdam1857-1-feestboekje1861-06,Aan de drukkunst,Henri's drinklied,1861,R. Ruitenschild,amsterdam1857-1
amsterdam1857-1,amsterdam1857-1-feestboekje1861,amsterdam1857-1-feestboekje1861-07,Lof der boekdrukkunst,Wien Neerlands bloed,1861,L.J. Brons,amsterdam1857-1
amsterdam1857-1,amsterdam1857-1-feestboekje1861,amsterdam1857-1-feestboekje1861-08,Vooruit beding maakt geen krakeel,Een blauwtje,1861,F.W. Vislaake,amsterdam1857-1
amsterdam1857-1,amsterdam1857-1-feestboekje1861,amsterdam1857-1-feestboekje1861-09,Drinklied,Henri's drinklied,1861,H. van Nifterick,amsterdam1857-1
amsterdam1857-1,amsterdam1857-1-feestboekje1861,amsterdam1857-1-feestboekje1861-10,Aan het schoone geslacht,De wereld is in rep en roer,1861,R. Ruitenschild,amsterdam1857-1
amsterdam1857-1,amsterdam1857-1-feestboekje1861,amsterdam1857-1-feestboekje1861-11,Tot erkentenis aan de werkende leden,'k Zal Galopijn mijn dochter geven,1861,M. Smidt,amsterdam1857-1
amsterdam1857-1,amsterdam1857-1-feestboekje1861,amsterdam1857-1-feestboekje1861-12,Hulde aan het bestuur,Wien Neerlands bloed,1861,F.W. Vislaake,amsterdam1857-1
amsterdam1857-1,amsterdam1857-1-feestboekje1861,amsterdam1857-1-feestboekje1861-13,Costers lied,Wien Neerlands bloed,1861,W. Farber,amsterdam1857-1
amsterdam1857-1,amsterdam1857-1-feestboekje1861,amsterdam1857-1-feestboekje1861-14,Ter eere der verlichting,De wereld is in rep en roer,1861,M. Smidt,amsterdam1857-1
amsterdam1857-1,amsterdam1857-1-feestboekje1863,amsterdam1857-1-feestboekje1863-01,Welkomstlied,Partant pour la Syrie,1863,F.W. Vislaake,amsterdam1857-1
amsterdam1857-1,amsterdam1857-1-feestboekje1863,amsterdam1857-1-feestboekje1863-02,Welkomstzang,Io Vivat,1863,J.P. Nobels,amsterdam1857-1
amsterdam1857-1,amsterdam1857-1-feestboekje1863,amsterdam1857-1-feestboekje1863-03,Welkomstgroet,Henri's drinklied,1863,G. Hulsebos,amsterdam1857-1
amsterdam1857-1,amsterdam1857-1-feestboekje1863,amsterdam1857-1-feestboekje1863-04,Vragen en antwoorden,Gij die thans met mij zijt ter jagt,1863,G. van der Poll,amsterdam1857-1
amsterdam1857-1,amsterdam1857-1-feestboekje1863,amsterdam1857-1-feestboekje1863-05,De dankbare Typograaph,"Deze bloemen, deze perken",1863,M. Smidt,amsterdam1857-1
amsterdam1857-1,amsterdam1857-1-feestboekje1863,amsterdam1857-1-feestboekje1863-06,Drinklied,Wien Neerlands bloed,1863,F.W. Vislaake,amsterdam1857-1
amsterdam1857-1,amsterdam1857-1-feestboekje1863,amsterdam1857-1-feestboekje1863-07,Feestzang,Schilder! ‘k wou mij zelv’ eens zien,1863,P. Werthweijn,amsterdam1857-1
amsterdam1857-1,amsterdam1857-1-feestboekje1863,amsterdam1857-1-feestboekje1863-08,Feestzang,Wien Neerlands bloed,1863,W. Farber,amsterdam1857-1
amsterdam1857-1,amsterdam1857-1-feestboekje1863,amsterdam1857-1-feestboekje1863-09,Op den bloei der kas,De wereld is in rep en roer,1863,F. van Rossen,amsterdam1857-1
amsterdam1857-1,amsterdam1857-1-feestboekje1863,amsterdam1857-1-feestboekje1863-10,Typographen zang,"Herinnert ge u, getrouwe burgerscharen",1863,R. Ruitenschild,amsterdam1857-1
amsterdam1857-1,amsterdam1857-1-feestboekje1863,amsterdam1857-1-feestboekje1863-11,Costers vinding,Eens werd er aan de zeeuwsche kust,1863,A.C. Farber-Okhuijsen,amsterdam1857-1
amsterdam1857-1,amsterdam1857-1-feestboekje1863,amsterdam1857-1-feestboekje1863-12,Ter eere der vrouwen,In het duister der bosschen,1863,M. Smidt,amsterdam1857-1
amsterdam1857-1,amsterdam1857-1-feestboekje1863,amsterdam1857-1-feestboekje1863-13,Eendragt,Schilder! ‘k wou mij zelv’ eens zien,1863,H. van Nifterick,amsterdam1857-1
amsterdam1857-1,amsterdam1857-1-feestboekje1863,amsterdam1857-1-feestboekje1863-14,Ieder zijn regt,Schep vreugde in 't leven,1863,P. Werthweijn,amsterdam1857-1
amsterdam1857-1,amsterdam1857-1-feestboekje1863,amsterdam1857-1-feestboekje1863-15,Aan de dames,De wereld is in rep en roer,1863,G. van der Poll,amsterdam1857-1
amsterdam1857-1,amsterdam1857-1-feestboekje1863,amsterdam1857-1-feestboekje1863-16,Harmonij,"Herinnert ge u, getrouwe burgerscharen",1863,W. Farber,amsterdam1857-1
amsterdam1857-1,amsterdam1857-1-feestboekje1863,amsterdam1857-1-feestboekje1863-17,Feestlied,Henri's drinklied,1863,A.C. Jacobsen jr.,amsterdam1857-1
amsterdam1857-1,amsterdam1857-1-feestboekje1863,amsterdam1857-1-feestboekje1863-18,Drukkerslied,,1863,J.P. Nobels,amsterdam1857-1
amsterdam1857-1,amsterdam1857-1-feestboekje1865,amsterdam1857-1-feestboekje1865-01,Welkom!,Henri's drinklied,1865,P. Werthweijn,amsterdam1857-1
amsterdam1857-1,amsterdam1857-1-feestboekje1865,amsterdam1857-1-feestboekje1865-02,Welkomstlied,Henri's drinklied,1865,M. Smidt,amsterdam1857-1
amsterdam1857-1,amsterdam1857-1-feestboekje1865,amsterdam1857-1-feestboekje1865-03,Welkomstgroet,Partant pour la Syrie,1865,G. van der Poll,amsterdam1857-1
amsterdam1857-1,amsterdam1857-1-feestboekje1865,amsterdam1857-1-feestboekje1865-04,Welkomstlied,Henri's drinklied,1865,D. van Nifterick,amsterdam1857-1
amsterdam1857-1,amsterdam1857-1-feestboekje1865,amsterdam1857-1-feestboekje1865-05,Typographenlied,Wien Neerlands bloed,1865,W. Farber,amsterdam1857-1
amsterdam1857-1,amsterdam1857-1-feestboekje1865,amsterdam1857-1-feestboekje1865-06,Heil der drukkunst,"Goeden morgen, mijn heer Becker",1865,M. Smidt,amsterdam1857-1
amsterdam1857-1,amsterdam1857-1-feestboekje1865,amsterdam1857-1-feestboekje1865-07,Wie ‘t schoentje past die trekke ‘t aan,Pierlala,1865,P. Werthweijn,amsterdam1857-1
amsterdam1857-1,amsterdam1857-1-feestboekje1865,amsterdam1857-1-feestboekje1865-08,De handwerksman,Wien Neerlands bloed,1865,W. Farber,amsterdam1857-1
amsterdam1857-1,amsterdam1857-1-feestboekje1865,amsterdam1857-1-feestboekje1865-09,Op ‘t feest,De Koning leef,1865,G.J. Tieman,amsterdam1857-1
amsterdam1857-1,amsterdam1857-1-feestboekje1865,amsterdam1857-1-feestboekje1865-10,Vreugd en vriendschap,Een blauwtje,1865,M. Smidt,amsterdam1857-1
amsterdam1857-1,amsterdam1857-1-feestboekje1865,amsterdam1857-1-feestboekje1865-11,Ons welzijn,De wereld is in rep en roer,1865,D. van Nifterick,amsterdam1857-1
amsterdam1857-1,amsterdam1857-1-feestboekje1865,amsterdam1857-1-feestboekje1865-12,Potpourri,,1865,F. Doornaar,amsterdam1857-1
amsterdam1857-1,amsterdam1857-1-feestbundel1862a,amsterdam1857-1-feestbundel1862a-01,Eendragt en vriendschap,Colijn een brave boeren zoon,1862,M. Smidt,amsterdam1857-1
amsterdam1857-1,amsterdam1857-1-feestbundel1862a,amsterdam1857-1-feestbundel1862a-02,Costers lied,Wien Neerlands bloed,1862,W. Farber,amsterdam1857-1
amsterdam1857-1,amsterdam1857-1-feestbundel1862a,amsterdam1857-1-feestbundel1862a-03,Haarlem,Eens werd er aan de zeeuwsche kust,1862,A. Grevenstuk,amsterdam1857-1
amsterdam1857-1,amsterdam1857-1-feestbundel1862a,amsterdam1857-1-feestbundel1862a-04,Opwekking tot vriendschap,Henri's drinklied,1862,M. Smidt,amsterdam1857-1
amsterdam1857-1,amsterdam1857-1-feestbundel1862a,amsterdam1857-1-feestbundel1862a-05,Feestlied,Io Vivat,1862,Ant. Kuppers,amsterdam1857-1
amsterdam1857-1,amsterdam1857-1-feestbundel1862a,amsterdam1857-1-feestbundel1862a-06,vooruitgang,Wien Neerlands bloed,1862,J. van den Berg,amsterdam1857-1
amsterdam1857-1,amsterdam1857-1-feestbundel1862a,amsterdam1857-1-feestbundel1862a-07,Het kopperfeest,Schep vreugde in 't leven,1862,A. Grevenstuk,amsterdam1857-1
amsterdam1857-1,amsterdam1857-1-feestbundel1862a,amsterdam1857-1-feestbundel1862a-08,Feest-drinklied,Henri's drinklied,1862,D. Meijer,amsterdam1857-1
amsterdam1857-1,amsterdam1857-1-feestbundel1862a,amsterdam1857-1-feestbundel1862a-09,Typographenzang,Het oude lieve vaderland,1862,A. Grevenstuk,amsterdam1857-1
amsterdam1857-1,amsterdam1857-1-feestbundel1862a,amsterdam1857-1-feestbundel1862a-10,Feestlied,Io Vivat,1862,W. Farber,amsterdam1857-1
amsterdam1857-1,amsterdam1857-1-feestbundel1862a,amsterdam1857-1-feestbundel1862a-11,Bede,Blijve o hoop,1862,J. van den Berg,amsterdam1857-1
amsterdam1857-1,amsterdam1857-1-feestbundel1862a,amsterdam1857-1-feestbundel1862a-12,Feestmarsch,Wanneer natuur haar luisterrijk vermogen,1862,A. Grevenstuk (naar J.A.M. de Sulkowski),amsterdam1857-1
amsterdam1857-1,amsterdam1857-1-feestbundel1862b,amsterdam1857-1-feestbundel1862b-01,Welkomst-lied,Henri's drinklied,1862,J. van den Berg,amsterdam1857-1
amsterdam1857-1,amsterdam1857-1-feestbundel1862b,amsterdam1857-1-feestbundel1862b-02,Ter eere der vrouwen,De wereld is in rep en roer,1862,M. Smidt,amsterdam1857-1
amsterdam1857-1,amsterdam1857-1-feestbundel1862b,amsterdam1857-1-feestbundel1862b-03,Welkom,Druk niet zo,1862,A.C. Farber-Okhuijsen,amsterdam1857-1
amsterdam1857-1,amsterdam1857-1-feestbundel1862b,amsterdam1857-1-feestbundel1862b-04,Feestzang,Schilder! ‘k wou mij zelv’ eens zien,1862,R. Ruitenschild,amsterdam1857-1
amsterdam1857-1,amsterdam1857-1-feestbundel1862b,amsterdam1857-1-feestbundel1862b-05,Feestlied der boekdrukkunst,"Herinnert ge u, getrouwe burgerscharen",1862,W. Farber,amsterdam1857-1
amsterdam1857-1,amsterdam1857-1-feestbundel1862b,amsterdam1857-1-feestbundel1862b-06,Typographenlied,Eens werd er aan de zeeuwsche kust,1862,I. Poster,amsterdam1857-1
amsterdam1857-1,amsterdam1857-1-feestbundel1862b,amsterdam1857-1-feestbundel1862b-07,Ter eere der werkende leden,De wereld is in rep en roer,1862,M. Smidt,amsterdam1857-1
amsterdam1857-1,amsterdam1857-1-feestbundel1862b,amsterdam1857-1-feestbundel1862b-08,De vriendschap,Wien Neerlands bloed,1862,W. Farber,amsterdam1857-1
amsterdam1857-1,amsterdam1857-1-feestlied1863,amsterdam1857-1-feestlied1863-01,Feestlied 1813-1863,Wien Neerlands bloed,1863,M. Smidt,amsterdam1857-1
amsterdam1857-1,amsterdam1857-1-feestliederen1860,amsterdam1857-1-feestliederen1860-01,Welkomstlied,Henri's drinklied,1860,M. Smidt,amsterdam1857-1
amsterdam1857-1,amsterdam1857-1-feestliederen1860,amsterdam1857-1-feestliederen1860-02,Feestlied,De wereld is in rep en roer,1860,A. Grevenstuk,amsterdam1857-1
amsterdam1857-1,amsterdam1857-1-feestliederen1860,amsterdam1857-1-feestliederen1860-03,Gezelschapslied,Wien Neerlands bloed,1860,W. Farber,amsterdam1857-1
amsterdam1857-1,amsterdam1857-1-feestliederen1860,amsterdam1857-1-feestliederen1860-04,Opwekkingslied,Io Vivat,1860,M. Smidt,amsterdam1857-1
amsterdam1857-1,amsterdam1857-1-feestliederen1860,amsterdam1857-1-feestliederen1860-05,Herinnering,Te souviens-tu,1860,A. Grevenstuk,amsterdam1857-1
amsterdam1857-1,amsterdam1857-1-feestliederen1860,amsterdam1857-1-feestliederen1860-06,Gezelschapslied,"Wij leven vrij, wij leven blij",1860,W. Farber,amsterdam1857-1
amsterdam1857-1,amsterdam1857-1-feestliederen1860,amsterdam1857-1-feestliederen1860-07,Gezelschapslied,Io Vivat,1860,W. Farber,amsterdam1857-1
amsterdam1857-1,amsterdam1857-1-feestliederen1861,amsterdam1857-1-feestliederen1861-01,GOEDEN AVOND !,muziek van BERNER,1861,A. Belinfante,amsterdam1857-1
amsterdam1857-1,amsterdam1857-1-feestliederen1861,amsterdam1857-1-feestliederen1861-02,HULDE AAN COSTER EN DRUKKUNST,muziek van A. BELINFANTE,1861,M. Smidt,amsterdam1857-1
amsterdam1857-1,amsterdam1857-1-feestliederen1861,amsterdam1857-1-feestliederen1861-03,LOF DER EENDRAGT,muziek van A. BELINFANTE,1861,A. Grevenstuk,amsterdam1857-1
amsterdam1857-1,amsterdam1857-1-feestliederen1861,amsterdam1857-1-feestliederen1861-04,WELKOMSTLIED,"Lieve schipper, haal mij over",1861,M. Smidt,amsterdam1857-1
amsterdam1857-1,amsterdam1857-1-feestliederen1861,amsterdam1857-1-feestliederen1861-05,DE ROEPING DER DRUKKUNST,Henri's drinklied,1861,L.J. Brons,amsterdam1857-1
amsterdam1857-1,amsterdam1857-1-feestliederen1861,amsterdam1857-1-feestliederen1861-06,STREKKING DER VEREENIGING,Wien Neerlands bloed,1861,M. Smidt,amsterdam1857-1
amsterdam1857-1,amsterdam1857-1-feestliederen1861,amsterdam1857-1-feestliederen1861-07,BEDE,God save the king,1861,R. Ruitenschild,amsterdam1857-1
amsterdam1857-1,amsterdam1857-1-feestliederen1861,amsterdam1857-1-feestliederen1861-08,GEZELLIGHEIDSLIED,Schep vreugde in 't leven,1861,M. Smidt,amsterdam1857-1
amsterdam1857-1,amsterdam1857-1-feestliederen1861,amsterdam1857-1-feestliederen1861-09,FEESTMARSCH,Bekers Marsch,1861,R. Ruitenschild,amsterdam1857-1
amsterdam1857-1,amsterdam1857-1-feestzangen1859,amsterdam1857-1-feestzangen1859-01,Welkomstlied,Henri's drinklied,1859,M. Smidt,amsterdam1857-1
amsterdam1857-1,amsterdam1857-1-feestzangen1859,amsterdam1857-1-feestzangen1859-02,Coster’s Eer,Wien Neerlands bloed,1859,J. van den Berg,amsterdam1857-1
amsterdam1857-1,amsterdam1857-1-feestzangen1859,amsterdam1857-1-feestzangen1859-03,Feestdronk,Wien Neerlands bloed,1859,M. Smidt,amsterdam1857-1
amsterdam1857-1,amsterdam1857-1-feestzangen1859,amsterdam1857-1-feestzangen1859-04,Slotzang,Io Vivat,1859,M. Smidt,amsterdam1857-1
amsterdam1857-1,amsterdam1857-1-klagt,amsterdam1857-1-klagt-01,Klagt en bemoediging,het Blaauwtje,,M. Smidt,amsterdam1857-1
amsterdam1857-1,amsterdam1857-1-klagt,amsterdam1857-1-klagt-02,Potpourie,,,W. Farber,amsterdam1857-1
amsterdam1857-1,amsterdam1857-1-liederen1858,amsterdam1857-1-liederen1858-01,Welkomst lied,Henri's drinklied,1858,M. Smidt,amsterdam1857-1
amsterdam1857-1,amsterdam1857-1-liederen1858,amsterdam1857-1-liederen1858-02,Feestzang,De wereld is in rep en roer,1858,M. Smidt,amsterdam1857-1
amsterdam1857-1,amsterdam1857-1-liederen1858,amsterdam1857-1-liederen1858-03,Vriendschap,Ik kwam laatst in een stee,1858,M. van Nifterick,amsterdam1857-1
amsterdam1857-1,amsterdam1857-1-liederen1858,amsterdam1857-1-liederen1858-04,Op Koster,Io Vivat,1858,,amsterdam1857-1
amsterdam1857-1,amsterdam1857-1-liederen1858,amsterdam1857-1-liederen1858-05,Aan den Haarlemmerhout,Is niet de wijn de drank der goden.,1858,,amsterdam1857-1
amsterdam1857-1,amsterdam1857-1-liederen1858,amsterdam1857-1-liederen1858-06,Op de uitvinding,Wanneer natuur haar luisterrijk vermogen,1858,,amsterdam1857-1
amsterdam1857-1,amsterdam1857-1-liederen1858,amsterdam1857-1-liederen1858-07,Tot besluit,Io Vivat,1858,M. Smidt,amsterdam1857-1
amsterdam1857-1,amsterdam1857-1-liederen1858b,amsterdam1857-1-liederen1858b-01,FEESTLIED,Wilhelmus,1858,M. Smidt,amsterdam1857-1
amsterdam1857-1,amsterdam1857-1-liederen1858b,amsterdam1857-1-liederen1858b-02,Jubellied,Schep vreugde in 't leven,1858,M. Smidt,amsterdam1857-1
amsterdam1857-1,amsterdam1857-1-liederen1858b,amsterdam1857-1-liederen1858b-03,Feestlied,Welkom is ter dezer stonde,1858,M. Smidt,amsterdam1857-1
amsterdam1857-1,amsterdam1857-1-liederen1858b,amsterdam1857-1-liederen1858b-04,Opwekking,Het kan ja niet immer zoo blijven,1858,M. Smidt,amsterdam1857-1
amsterdam1857-1,amsterdam1857-1-liederen1858b,amsterdam1857-1-liederen1858b-05,Tot besluit,Wie praalt aan 't hoofd der Heldenstoet,1858,M. Smidt,amsterdam1857-1
amsterdam1857-1,amsterdam1857-1-volkslied1861,amsterdam1857-1-volkslied1861-01,Typographisch volkslied,Wien Neerlands bloed,1861,J.C. Belinfante,amsterdam1857-1
amsterdam1849,amsterdam1849-feestliederen1861,amsterdam1849-feestliederen1861-01,Een verhaal op waarheid gegrond,De wereld is in rep en roer,1861,H. Stühr,amsterdam1849
amsterdam1849,amsterdam1849-feestliederen1861,amsterdam1849-feestliederen1861-02,De roem der drukkunst,Io Vivat,1861,J.F. Vissers,amsterdam1849
amsterdam1849,amsterdam1849-feestliederen1861,amsterdam1849-feestliederen1861-03,Hulde aan den heer Wilh. Smits,Staat uw buurmans huis in brand,1861,J.J. Steen,amsterdam1849
amsterdam1849,amsterdam1849-feestliederen1861,amsterdam1849-feestliederen1861-04,Coster en de boekdrukkunst,Kessel is vol haat en nijd,1861,J.H.F. Bartels,amsterdam1849
amsterdam1849,amsterdam1849-feestliederen1861,amsterdam1849-feestliederen1861-05,Varia,[diversen],1861,,amsterdam1849
amsterdam1849,amsterdam1849-feestliederen1861,amsterdam1849-feestliederen1861-06,Feestlied,Wien Neerlands bloed,1861,J. Breeman,amsterdam1849
amsterdam1849,amsterdam1849-feestliederen1861,amsterdam1849-feestliederen1861-06b,Hollands Glorie,Schilder! ‘k wou mij zelv’ eens zien,1861,J.R. Jansen,amsterdam1849
amsterdam1849,amsterdam1849-feestliederen1861,amsterdam1849-feestliederen1861-07,Onze vreugd,Henri's drinklied,1861,H. Regenboog,amsterdam1849
amsterdam1849,amsterdam1849-feestliederen1861,amsterdam1849-feestliederen1861-08,Ons vooruitzicht,Io Vivat,1861,W. Sieters,amsterdam1849
amsterdam1849,amsterdam1849-feestliederen1861,amsterdam1849-feestliederen1861-09,De koppermaandag,Wie praalt aan 't hoofd der Heldenstoet,1861,J.M. van Gool,amsterdam1849
amsterdam1849,amsterdam1849-feestliederen1861,amsterdam1849-feestliederen1861-10,Drinklied,"Voort, voort mijn lieve Saartje !",1861,A.J. Kreyts,amsterdam1849
amsterdam1849,amsterdam1849-feestliederen1861,amsterdam1849-feestliederen1861-11,Arme vrouwen,Eine kleine wunderschone,1861,J. Breeman,amsterdam1849
arnhem1849,arnhem1849-coupletten1868,arnhem1849-coupletten1868-01,Leve Neêrlandsch Typographen-Bond! ,De oude en de nieuwe tijd,1868,J. Th. Scheepers,arnhem1849
arnhem1849,arnhem1849-coupletten1868,arnhem1849-coupletten1868-02,Te werken voor meer loon,,1868,P. Werthweijn,
arnhem1849,arnhem1849-feestboekje1869,arnhem1849-feestboekje1869-01,Huldelied,De Koning leef,1869,B.J. Geradts,arnhem1849
arnhem1849,arnhem1849-feestboekje1869,arnhem1849-feestboekje1869-02,Nieuw Typografenlied,Oostenrijksch volklied,1869,J. Th. Scheepers,arnhem1849
arnhem1849,arnhem1849-feestboekje1869,arnhem1849-feestboekje1869-03,Aan de boekdrukkunst,Henri's drinklied,1869,B.J. Geradts,arnhem1849
arnhem1849,arnhem1849-feestboekje1869,arnhem1849-feestboekje1869-04,Potpourri,[diversen],1869,L.D. van Leusden,arnhem1849
arnhem1849,arnhem1849-feestboekje1869,arnhem1849-feestboekje1869-05,Typografen-feestlied,Tollens’ volkslied,1869,B.J. Geradts,arnhem1849
arnhem1849,arnhem1849-feestboekje1869,arnhem1849-feestboekje1869-06,Verleden – heden,Wie praalt aan 't hoofd der Heldenstoet,1869,De France,arnhem1849
arnhem1849,arnhem1849-feestboekje1869,arnhem1849-feestboekje1869-07,Feestlied,Wij gaan nog niet naar huis,1869,J. Th. Scheepers,arnhem1849
arnhem1849,arnhem1849-feestboekje1869,arnhem1849-feestboekje1869-08,Geen fouten zetten!,Daar komt kleine Thomas aan,1869,Een Bondslid,arnhem1849
arnhem1849,arnhem1849-zangcoupletten1856,arnhem1849-zangcoupletten1856-01,Aan de hoofdcommissie tot de oprigting van het Metalen Standbeeld,Wien Neerlands bloed,1856,,arnhem1849
arnhem1849,arnhem1849-zangcoupletten1856,arnhem1849-zangcoupletten1856-02,Aan de commissie der tentoonstelling,De lange dag is weer voorbij,1856,,arnhem1849
arnhem1849,arnhem1849-zangcoupletten1856,arnhem1849-zangcoupletten1856-03,Aan de commissie voor de Vereenigingen,"Is 't u bekend, getrouwe burgerscharen?",1856,,arnhem1849
arnhem1849,arnhem1849-zangcoupletten1856,arnhem1849-zangcoupletten1856-04,Aan de gezamenlijke Vereenigingen,Henri's drinklied,1856,,arnhem1849
arnhem1849,arnhem1849-zangstukjes1859,arnhem1849-zangstukjes1859-01,Aan de eereleden,Wien Neerlands bloed,1859,,arnhem1849
arnhem1849,arnhem1849-zangstukjes1859,arnhem1849-zangstukjes1859-02,Welkomstgroet,"Wij leven vrij, wij leven blij",1859,,arnhem1849
arnhem1849,arnhem1849-zangstukjes1859,arnhem1849-zangstukjes1859-03,Aan de leden,Ik ben een Nederlandsch Soldaat,1859,,arnhem1849
arnhem1849,arnhem1849-zangstukjes1859,arnhem1849-zangstukjes1859-04,Opwekking,Henri's drinklied,1859,,arnhem1849
arnhem1849,arnhem1849-zangstukjes1859,arnhem1849-zangstukjes1859-05,Broederschap,De wereld is in rep en roer,1859,,arnhem1849
arnhem1849,arnhem1849-zangstukjes1859,arnhem1849-zangstukjes1859-06,Banier-coupletten,In de Nes,1859,,arnhem1849
arnhem1849,arnhem1849-zangstukjes1859,arnhem1849-zangstukjes1859-07,Feestzang op den herinneringsdag,Io Vivat,1859,,arnhem1849
arnhem1849,arnhem1849-zangstukjes1859,arnhem1849-zangstukjes1859-08,Feestmarsch,"Sla, kroten",1859,,arnhem1849
arnhem1849,arnhem1849-zangstukjes1859,arnhem1849-zangstukjes1859-09,Tafellied,"Vaar dan wel, vergeet mij niet",1859,,arnhem1849
arnhem1849,arnhem1849-zangstukjes1859,arnhem1849-zangstukjes1859-10,Feestzang,Henri's drinklied,1859,G.A.M.,arnhem1849
arnhem1849,arnhem1849-zangstukjes1859,arnhem1849-zangstukjes1859-11,Feestlied,Ik moet onder de soldaten,1859,G.C.V.S.,arnhem1849
denbosch1849,denbosch1849-feestzang1854,denbosch1849-feestzang1854-01,Feestzang,,1854,,denbosch1849
gorinchem1856,gorinchem1856-feestzangen1863,gorinchem1856-feestzangen1863-01,Welkomstgroet,Wien Neerlands bloed,1863,,gorinchem1856
gorinchem1856,gorinchem1856-feestzangen1863,gorinchem1856-feestzangen1863-06,Leve de drukkunst,De Koning leef,1863,,gorinchem1856
gorinchem1856,gorinchem1856-feestzangen1863,gorinchem1856-feestzangen1863-07,Ter eere van Koster,O vader Abraham,1863,,gorinchem1856
gorinchem1856,gorinchem1856-feestzangen1863,gorinchem1856-feestzangen1863-08,Aan de vriendschap,De lange dag is weer voorbij,1863,,gorinchem1856
gorinchem1856,gorinchem1856-feestzangen1863,gorinchem1856-feestzangen1863-09,Typographisch broederlied,Wien Neerlands bloed,1863,,gorinchem1856
haarlem1851,haarlem1851-feestliederen1852,haarlem1851-feestliederen1852-01,Hulde aan donateuren,La Vaillant Troubadour,1852,,haarlem1851
haarlem1851,haarlem1851-feestliederen1852,haarlem1851-feestliederen1852-02,Optogt,Marsch,1852,,haarlem1851
haarlem1851,haarlem1851-feestliederen1852,haarlem1851-feestliederen1852-03,Eere-zang,La Vaillant Troubadour,1852,,haarlem1851
haarlem1851,haarlem1851-feestliederen1852,haarlem1851-feestliederen1852-04,Terugtogt,,1852,,haarlem1851
haarlem1851,haarlem1851-feestliederen1852,haarlem1851-feestliederen1852-05,Costers eer!,Wien Neerlands bloed,1852,,haarlem1851
haarlem1851,haarlem1851-feestliederen1852,haarlem1851-feestliederen1852-06,Eerste kopperzang,Henri's drinklied,1852,,haarlem1851
haarlem1851,haarlem1851-feestliederen1852,haarlem1851-feestliederen1852-07,Koppervreugd,Wien Neerlands bloed,1852,,haarlem1851
haarlem1851,haarlem1851-feestliederen1852,haarlem1851-feestliederen1852-08,Juich-toon,Partant pour la Syrie,1852,,haarlem1851
haarlem1851,haarlem1851-feestliederen1852,haarlem1851-feestliederen1852-09,Hulde aan Coster,Wie praalt aan 't hoofd der Heldenstoet,1852,,haarlem1851
haarlem1851,haarlem1851-feestliederen1852,haarlem1851-feestliederen1852-10,Lof aan onze stand,O groote koopman in tabak,1852,,haarlem1851
haarlem1851,haarlem1851-feestliederen1852,haarlem1851-feestliederen1852-11,Het gezellig verkeer,Wie praalt aan 't hoofd der Heldenstoet,1852,,haarlem1851
haarlem1851,haarlem1851-feestliederen1852,haarlem1851-feestliederen1852-12,Triomf-lied,,1852,,haarlem1851
haarlem1851,haarlem1851-feestliederen1852,haarlem1851-feestliederen1852-13,Eendragt,,1852,,haarlem1851
haarlem1851,haarlem1851-feestliederen1852,haarlem1851-feestliederen1852-14,Vriendschap,De vrolijke Visscher,1852,,haarlem1851
haarlem1851,haarlem1851-feestliederen1852,haarlem1851-feestliederen1852-15,Licht,Daar komt Paulus Jonas aan,1852,,haarlem1851
haarlem1851,haarlem1851-feestliederen1852,haarlem1851-feestliederen1852-16,Haarlem,Slecht is het dorpje waar en wis,1852,,haarlem1851
haarlem1851,haarlem1851-feestliederen1852,haarlem1851-feestliederen1852-17,Kopper-maandag,Io Vivat,1852,,haarlem1851
haarlem1851,haarlem1851-feestliederen1852,haarlem1851-feestliederen1852-18,Lof der drukkunst,Wien Neerlands bloed,1852,,haarlem1851
haarlem1851,haarlem1851-feestliederen1852,haarlem1851-feestliederen1852-19,Feest-lied,Gij die thans met mij zijt ter jagt,1852,,haarlem1851
haarlem1851,haarlem1851-feestliederen1852,haarlem1851-feestliederen1852-20,Aan den Haarlemmer-hout,Is niet de wijn de drank der goden.,1852,,haarlem1851
haarlem1851,haarlem1851-feestliederen1852,haarlem1851-feestliederen1852-21,Feest-zang,Het oude lieve vaderland,1852,,haarlem1851
haarlem1851,haarlem1851-feestliederen1852,haarlem1851-feestliederen1852-22,De oude drukkersgezel,Romance van Aschpoetster,1852,,haarlem1851
haarlem1851,haarlem1851-feestliederen1852,haarlem1851-feestliederen1852-23,De eerste drukpers,Wilhelmus,1852,,haarlem1851
haarlem1851,haarlem1851-feestliederen1852,haarlem1851-feestliederen1852-24,Verlichtings-lamp,O groote koopman in tabak,1852,,haarlem1851
haarlem1851,haarlem1851-feestliederen1852,haarlem1851-feestliederen1852-25,Afscheidslied,Wien Neerlands bloed,1852,,haarlem1851
haarlem1851,haarlem1851-feestliederen1860,haarlem1851-feestliederen1860-01,Hulde aan donateuren,(muzijk van F. W. van Eeden),1860,M. Uitenbosch,haarlem1851
haarlem1851,haarlem1851-feestliederen1860,haarlem1851-feestliederen1860-02,Welkomstlied,"Goeden morgen, mijn heer Becker",1860,H. Scherpenhuizen,haarlem1851
haarlem1851,haarlem1851-feestliederen1860,haarlem1851-feestliederen1860-03,Banierlied,Wien Neerlands bloed,1860,,haarlem1851
haarlem1851,haarlem1851-feestliederen1860,haarlem1851-feestliederen1860-04,Coster’s Uitvinding,Wie praalt aan 't hoofd der Heldenstoet,1860,J.P. Nobels,haarlem1851
haarlem1851,haarlem1851-feestliederen1860,haarlem1851-feestliederen1860-05,Ons Kopperfeest,God save the king,1860,W.S.,haarlem1851
haarlem1851,haarlem1851-feestliederen1860,haarlem1851-feestliederen1860-06,Vriendschap,De vrolijke Visscher,1860,W.,haarlem1851
haarlem1851,haarlem1851-feestliederen1860,haarlem1851-feestliederen1860-07,Feestlied,De Koning leef,1860,J.P. Nobels,haarlem1851
haarlem1851,haarlem1851-feestliederen1860,haarlem1851-feestliederen1860-08,Vriendschap,"Goeden morgen, mijn heer Becker",1860,W.,haarlem1851
haarlem1851,haarlem1851-feestliederen1861,haarlem1851-feestliederen1861-01,Harmonie,,1861,,haarlem1851
haarlem1851,haarlem1851-feestliederen1861,haarlem1851-feestliederen1861-02,Welkomstgroet aan Heeren Donateuren,Bekker aan de Zaan,1861,,haarlem1851
haarlem1851,haarlem1851-feestliederen1861,haarlem1851-feestliederen1861-07,Welkomstzang,Io Vivat,1861,,haarlem1851
haarlem1851,haarlem1851-feestliederen1861,haarlem1851-feestliederen1861-08,Vriendschap,De vrolijke Visscher,1861,,haarlem1851
haarlem1851,haarlem1851-feestzangen1862,haarlem1851-feestzangen1862-01,Hulde aan de donateuren,,1862,,haarlem1851
haarlem1851,haarlem1851-feestzangen1862,haarlem1851-feestzangen1862-02,Eerelied aan Bestuurderen en Donateuren dezer Vereeniging,Henri's drinklied,1862,,haarlem1851
haarlem1851,haarlem1851-feestzangen1862,haarlem1851-feestzangen1862-03,Pret,Wien Neerlands bloed,1862,,haarlem1851
haarlem1851,haarlem1851-feestzangen1862,haarlem1851-feestzangen1862-04,Jagerslust,,1862,,haarlem1851
haarlem1851,haarlem1851-feestzangen1862,haarlem1851-feestzangen1862-05,Costersvinding herdacht,De hemel heeft den wijn gegeven,1862,,haarlem1851
haarlem1851,haarlem1851-feestzangen1862,haarlem1851-feestzangen1862-06,Feestzang,"Goeden morgen, mijn heer Becker",1862,,haarlem1851
haarlem1851,haarlem1851-feestzangen1862,haarlem1851-feestzangen1862-07,Roeijerslied,,1862,,haarlem1851
haarlem1851,haarlem1851-feestzangen1862,haarlem1851-feestzangen1862-08,Muggendans,,1862,,haarlem1851
haarlem1851,haarlem1851-feestzangen1862,haarlem1851-feestzangen1862-09,Vriendschap,"Goeden morgen, mijn heer Becker",1862,,haarlem1851
haarlem1851,haarlem1851-feestzangen1862,haarlem1851-feestzangen1862-10,Ons Kopperfeest,God save the king,1862,,haarlem1851
haarlem1851,haarlem1851-iisgdossier,haarlem1851-iisgdossier-01,Welkomst-lied,God save the king,1853,,haarlem1851
haarlem1851,haarlem1851-iisgdossier,haarlem1851-iisgdossier-02,Onze welvaart,Arm en ned'rig is mijn hutje,1853,,haarlem1851
haarlem1851,haarlem1851-iisgdossier,haarlem1851-iisgdossier-03,Het tweede kopperfeest,Wie praalt aan 't hoofd der Heldenstoet,1853,,haarlem1851
haarlem1851,haarlem1851-iisgdossier,haarlem1851-iisgdossier-04,Coster’s uitvinding,Wie praalt aan 't hoofd der Heldenstoet,1853,,haarlem1851
haarlem1851,haarlem1851-iisgdossier,haarlem1851-iisgdossier-05,,De Koning leef,,,haarlem1851
haarlem1851,haarlem1851-iisgdossier,haarlem1851-iisgdossier-06,Welkomst-lied aan donateuren,,,,haarlem1851
haarlem1851,haarlem1851-iisgdossier,haarlem1851-iisgdossier-07,Costers eer!,,,,haarlem1851
leiden1854,leiden1854-feestzangen1865,leiden1854-feestzangen1865-01,Welkomstlied,Makkers brengt met stem en snaren,1865,,leiden1854
leiden1854,leiden1854-feestzangen1865,leiden1854-feestzangen1865-02,Feestzang,Wien Neerlands bloed,1865,,leiden1854
leiden1854,leiden1854-feestzangen1865,leiden1854-feestzangen1865-03,Welkomstzang,Io Vivat,1865,,leiden1854
leiden1854,leiden1854-feestzangen1865,leiden1854-feestzangen1865-04,Feestviering,De Koning leef,1865,,leiden1854
leiden1854,leiden1854-feestzangen1865,leiden1854-feestzangen1865-05,Verschuldigde dank,Eens werd er aan de zeeuwsche kust,1865,,leiden1854
leiden1854,leiden1854-feestzangen1865,leiden1854-feestzangen1865-06,De vriendschap,Wie praalt aan 't hoofd der Heldenstoet,1865,,leiden1854
leiden1854,leiden1854-feestzangen1865,leiden1854-feestzangen1865-07,Potpourri,,1865,,leiden1854
middelburg1847,middelburg1847-feestbundel1864,middelburg1847-feestbundel1864-01,Landtogt 1848,God save the king,1848,,middelburg1847
middelburg1847,middelburg1847-feestbundel1864,middelburg1847-feestbundel1864-02,Vriendschapslied,"Wij leven vrij, wij leven blij",1848,,middelburg1847
middelburg1847,middelburg1847-feestbundel1864,middelburg1847-feestbundel1864-03,Koppermaandag 1849,,1849,,middelburg1847
middelburg1847,middelburg1847-feestbundel1864,middelburg1847-feestbundel1864-04,Landtogt 1849,Io Vivat,1849,,middelburg1847
middelburg1847,middelburg1847-feestbundel1864,middelburg1847-feestbundel1864-05,Avondzang,t Wordt duister mijn Roosje!,1849,,middelburg1847
middelburg1847,middelburg1847-feestbundel1864,middelburg1847-feestbundel1864-06,Koppermaandag 1850 - feestzang,,1850,,middelburg1847
middelburg1847,middelburg1847-feestbundel1864,middelburg1847-feestbundel1864-07,Landtogt 1850 - Welkom,Schep vreugde in 't leven,1850,,middelburg1847
middelburg1847,middelburg1847-feestbundel1864,middelburg1847-feestbundel1864-08,Aan de drukkunst,C'est l'amour etc.,1850,,middelburg1847
middelburg1847,middelburg1847-feestbundel1864,middelburg1847-feestbundel1864-09,Afscheid,"Wat wordt het laat, de klok slaat acht!",1850,,middelburg1847
middelburg1847,middelburg1847-feestbundel1864,middelburg1847-feestbundel1864-10,Toasten,God save the king,1850,,middelburg1847
middelburg1847,middelburg1847-feestbundel1864,middelburg1847-feestbundel1864-11,Morgenzang,Wien Neerlands bloed,1850,,middelburg1847
middelburg1847,middelburg1847-feestbundel1864,middelburg1847-feestbundel1864-12,Voorwaarts,t Was laatstmaal op een zomernacht,1850,,middelburg1847
middelburg1847,middelburg1847-feestbundel1864,middelburg1847-feestbundel1864-13,Des avonds,Hij die als man zijn pligt betracht,1850,,middelburg1847
middelburg1847,middelburg1847-feestbundel1864,middelburg1847-feestbundel1864-14,Landtogt 1851 Het bestendig genot der vriendschap,Wien Neerlands bloed,1851,,middelburg1847
middelburg1847,middelburg1847-feestbundel1864,middelburg1847-feestbundel1864-15,,God save the king,1851,,middelburg1847
middelburg1847,middelburg1847-feestbundel1864,middelburg1847-feestbundel1864-16,Koppermaandag 1852 - Feestlied,Wien Neerlands bloed,1852,,middelburg1847
middelburg1847,middelburg1847-feestbundel1864,middelburg1847-feestbundel1864-17,Feestzang,,1852,,middelburg1847
middelburg1847,middelburg1847-feestbundel1864,middelburg1847-feestbundel1864-18,Landtogt 1852 - Morgenlied,De wereld is in rep en roer,1852,,middelburg1847
middelburg1847,middelburg1847-feestbundel1864,middelburg1847-feestbundel1864-19,Voorwaarts!,Kom mijn bruintje stap wat aan,1852,,middelburg1847
middelburg1847,middelburg1847-feestbundel1864,middelburg1847-feestbundel1864-20,Koppermaandag 1853,Waar is Keesje?,1853,,middelburg1847
middelburg1847,middelburg1847-feestbundel1864,middelburg1847-feestbundel1864-21,Feestzang,Wien Neerlands bloed,1853,,middelburg1847
middelburg1847,middelburg1847-feestbundel1864,middelburg1847-feestbundel1864-22,Landtogt 1853,Morgenlied,1853,,middelburg1847
middelburg1847,middelburg1847-feestbundel1864,middelburg1847-feestbundel1864-23,Vaarwel,Io Vivat,1853,,middelburg1847
middelburg1847,middelburg1847-feestbundel1864,middelburg1847-feestbundel1864-24,Avondlied,Zoutmans glorie,1853,,middelburg1847
middelburg1847,middelburg1847-feestbundel1864,middelburg1847-feestbundel1864-25,Op Domburg,Vivat Oranje Hoezee!,1853,,middelburg1847
middelburg1847,middelburg1847-feestbundel1864,middelburg1847-feestbundel1864-26,Koppermaandag 1854 - Herinnering aan Laurens Coster,"Is 't u bekend, getrouwe burgerscharen?",1854,,middelburg1847
middelburg1847,middelburg1847-feestbundel1864,middelburg1847-feestbundel1864-27,Gelegenheids-zang,Elize 'k zag u en ik minde,1854,,middelburg1847
middelburg1847,middelburg1847-feestbundel1864,middelburg1847-feestbundel1864-28,Hulde aan Coster,Wie praalt aan 't hoofd der Heldenstoet,1854,,middelburg1847
middelburg1847,middelburg1847-feestbundel1864,middelburg1847-feestbundel1864-29,Afscheidslied,Wien Neerlands bloed,1854,,middelburg1847
middelburg1847,middelburg1847-feestbundel1864,middelburg1847-feestbundel1864-30a,Erezang aan Coster,Brulant d'amour,1854,,middelburg1847
middelburg1847,middelburg1847-feestbundel1864,middelburg1847-feestbundel1864-30b,Slotzang,Wien Neerlands bloed,1854,,middelburg1847
middelburg1847,middelburg1847-feestbundel1864,middelburg1847-feestbundel1864-31,Landtogt 1854 - Morgenzang,Wien Neerlands bloed,1854,,middelburg1847
middelburg1847,middelburg1847-feestbundel1864,middelburg1847-feestbundel1864-32,Landtogt,Io Vivat,1854,,middelburg1847
middelburg1847,middelburg1847-feestbundel1864,middelburg1847-feestbundel1864-33,Drukkerslied,"Al is het prinsje nog zo klein, hoezee!",1854,,middelburg1847
middelburg1847,middelburg1847-feestbundel1864,middelburg1847-feestbundel1864-34,Afscheid aan Domburg,Henri's drinklied,1854,,middelburg1847
middelburg1847,middelburg1847-feestbundel1864,middelburg1847-feestbundel1864-35,Koppermaandag 1855,Brulant d'amour,1855,,middelburg1847
middelburg1847,middelburg1847-feestbundel1864,middelburg1847-feestbundel1864-36,Triomfzang,,1855,,middelburg1847
middelburg1847,middelburg1847-feestbundel1864,middelburg1847-feestbundel1864-37,,,1855,,middelburg1847
middelburg1847,middelburg1847-feestbundel1864,middelburg1847-feestbundel1864-38,Landtogt 1855 - Vaarwel aan Middelburg,"Aan tafel dan, dat gulle vreugd",1855,,middelburg1847
middelburg1847,middelburg1847-feestbundel1864,middelburg1847-feestbundel1864-39,Voorwaarts,C'est l'amour etc.,1855,,middelburg1847
middelburg1847,middelburg1847-feestbundel1864,middelburg1847-feestbundel1864-40,Bij onze thuiskomst,Io Vivat,1855,,middelburg1847
middelburg1847,middelburg1847-feestbundel1864,middelburg1847-feestbundel1864-41,Koppermaandag 1856 - Hulde aan de Boekdrukkunst,,1856,,middelburg1847
middelburg1847,middelburg1847-feestbundel1864,middelburg1847-feestbundel1864-42,Landtogt 1856 - Morgenzang,De wereld is in rep en roer,1856,,middelburg1847
middelburg1847,middelburg1847-feestbundel1864,middelburg1847-feestbundel1864-43,Aan Laurens Janszoon Coster - tusschenzang,"No 1, uit de Witte Burgvrouw",1856,,middelburg1847
middelburg1847,middelburg1847-feestbundel1864,middelburg1847-feestbundel1864-44,Avondzang,Elize 'k zag u en ik minde,1856,,middelburg1847
middelburg1847,middelburg1847-feestbundel1864,middelburg1847-feestbundel1864-45,De drukkunst,Wien Neerlands bloed,1856,,middelburg1847
middelburg1847,middelburg1847-feestbundel1864,middelburg1847-feestbundel1864-46,Onder de marsch,Schep vreugde in 't leven,1856,,middelburg1847
middelburg1847,middelburg1847-feestbundel1864,middelburg1847-feestbundel1864-47,Koppermaandag 1857 - Aan Laurens Janszoon Coster,Brouwer en Graasbeek zijn steeds bazen,1857,,middelburg1847
middelburg1847,middelburg1847-feestbundel1864,middelburg1847-feestbundel1864-48,Feestzang,Henri's drinklied,1857,,middelburg1847
middelburg1847,middelburg1847-feestbundel1864,middelburg1847-feestbundel1864-49,Feestzang,Zoutmans glorie,1857,,middelburg1847
middelburg1847,middelburg1847-feestbundel1864,middelburg1847-feestbundel1864-50,Hulde aan de vrouwen,Wien Neerlands bloed,1857,,middelburg1847
middelburg1847,middelburg1847-feestbundel1864,middelburg1847-feestbundel1864-51,Landtogt 1857 - Morgenzang,Colijn een brave boeren zoon,1857,,middelburg1847
middelburg1847,middelburg1847-feestbundel1864,middelburg1847-feestbundel1864-52,Avondzang,Wien Neerlands bloed,1857,,middelburg1847
middelburg1847,middelburg1847-feestbundel1864,middelburg1847-feestbundel1864-53,Koppermaandag 1858 Feestzang,Slotzang uit Brouwer en Graasbeek,1858,,middelburg1847
middelburg1847,middelburg1847-feestbundel1864,middelburg1847-feestbundel1864-54,Koppermaandagfeest 1858,Wij leven zeer verstandig,1858,,middelburg1847
middelburg1847,middelburg1847-feestbundel1864,middelburg1847-feestbundel1864-55,De letterzetter,"Aan tafel dan, dat gulle vreugd",1858,,middelburg1847
middelburg1847,middelburg1847-feestbundel1864,middelburg1847-feestbundel1864-56,"Pleiziertogt 1858, naar Goes en omstreken - Morgenzang","Voortgegaan, gegaan",1858,,middelburg1847
middelburg1847,middelburg1847-feestbundel1864,middelburg1847-feestbundel1864-57,Morgengroet aan de Goessche Typografen,Wien Neerlands bloed,1858,,middelburg1847
middelburg1847,middelburg1847-feestbundel1864,middelburg1847-feestbundel1864-58,Feestzang (Toepasselijk op de Boekdrukkunst),Welkom vrienden,1858,,middelburg1847
middelburg1847,middelburg1847-feestbundel1864,middelburg1847-feestbundel1864-59,Landtogt 1859 Morgenzang,"Aan tafel dan, dat gulle vreugd",1859,,middelburg1847
middelburg1847,middelburg1847-feestbundel1864,middelburg1847-feestbundel1864-60,Aan Domburg,Brouwer en Graasbeek zijn steeds bazen,1859,,middelburg1847
middelburg1847,middelburg1847-feestbundel1864,middelburg1847-feestbundel1864-61,Koppermaandag 1860 Feestzang,Wien Neerlands bloed,1860,,middelburg1847
middelburg1847,middelburg1847-feestbundel1864,middelburg1847-feestbundel1864-62,Vereenigde Landtogt. Welkomstgroet aan de Goessche Typografen,Wien Neerlands bloed,1860,,middelburg1847
middelburg1847,middelburg1847-feestbundel1864,middelburg1847-feestbundel1864-63,Tafelzang,Makkers brengt met stem en snaren,1860,,middelburg1847
middelburg1847,middelburg1847-feestbundel1864,middelburg1847-feestbundel1864-64,Afscheidsgroet aan de Typografische Vereeniging: Laurens Coster te Goes,Io Vivat,1860,,middelburg1847
middelburg1847,middelburg1847-feestbundel1864,middelburg1847-feestbundel1864-65,Tafelzang,Wien Neerlands bloed,1860,,middelburg1847
middelburg1847,middelburg1847-feestbundel1864,middelburg1847-feestbundel1864-66,Koppermaandag 1861 Feestzang,Slotzang uit Brouwer en Graasbeek,1861,,middelburg1847
middelburg1847,middelburg1847-feestbundel1864,middelburg1847-feestbundel1864-67,Landtogt 1861 Morgenzang,Zoutmans glorie,1861,,middelburg1847
middelburg1847,middelburg1847-feestbundel1864,middelburg1847-feestbundel1864-68,Avondzang,Als heel de wereld is verliefd,1861,,middelburg1847
middelburg1847,middelburg1847-feestbundel1864,middelburg1847-feestbundel1864-69,Op reis,"Al is het prinsje nog zo klein, hoezee!",1861,,middelburg1847
middelburg1847,middelburg1847-feestbundel1864,middelburg1847-feestbundel1864-70,Koppermaandag 1862,Wien Neerlands bloed,1862,,middelburg1847
middelburg1847,middelburg1847-feestbundel1864,middelburg1847-feestbundel1864-71,Landtogt 1862 De morgenstond,De wereld is in rep en roer,1862,,middelburg1847
middelburg1847,middelburg1847-feestbundel1864,middelburg1847-feestbundel1864-72,Morgengroet aan de Vereeniging Laurens Coster te Goes,Welkom vrienden,1862,,middelburg1847
middelburg1847,middelburg1847-feestbundel1864,middelburg1847-feestbundel1864-73,Koppermaandag 1863 Bij de opening van het feest,Wien Neerlands bloed,1863,,middelburg1847
middelburg1847,middelburg1847-feestbundel1864,middelburg1847-feestbundel1864-74,Toast-lied,"Solderen, solderen",1863,,middelburg1847
middelburg1847,middelburg1847-feestbundel1864,middelburg1847-feestbundel1864-75,Lied,Het Pennelikkerslied,1863,,middelburg1847
middelburg1847,middelburg1847-feestbundel1864,middelburg1847-feestbundel1864-76,Danktoon,Io Vivat,1863,,middelburg1847
middelburg1847,middelburg1847-feestbundel1864,middelburg1847-feestbundel1864-77,Landtogt 1863 Morgenzang,"No 1, uit de Witte Burgvrouw",1863,,middelburg1847
middelburg1847,middelburg1847-feestbundel1864,middelburg1847-feestbundel1864-78,Feestlied,Eene kleine wonderschoone,1863,,middelburg1847
middelburg1847,middelburg1847-feestbundel1864,middelburg1847-feestbundel1864-79,Tafelzang,Als de boomen buiten bloeijen,1863,,middelburg1847
middelburg1847,middelburg1847-feestbundel1864,middelburg1847-feestbundel1864-80,Afscheid na den Landtogt 1863,Wien Neerlands bloed,1863,,middelburg1847
middelburg1847,middelburg1847-feestbundel1864,middelburg1847-feestbundel1864-81,Feestzang bij het 50jarig bestaan van Neerlands onafhankelijkheid,Wien Neerlands bloed,1863,,middelburg1847
middelburg1847,middelburg1847-feestbundel1864,middelburg1847-feestbundel1864-82,Feestliederen bij gelegenheid der Nationale feestviering I Wilhelmus,Wilhelmus,1863,,middelburg1847
middelburg1847,middelburg1847-feestbundel1864,middelburg1847-feestbundel1864-83,II De Oranjeboom,Te souviens-tu,1863,,middelburg1847
middelburg1847,middelburg1847-feestbundel1864,middelburg1847-feestbundel1864-84,III,Henri's drinklied,1863,,middelburg1847
middelburg1847,middelburg1847-feestbundel1864,middelburg1847-feestbundel1864-85,IV,Brulant d'amour,1863,,middelburg1847
middelburg1847,middelburg1847-feestbundel1864,middelburg1847-feestbundel1864-86,V,De Koning leef,1863,,middelburg1847
middelburg1847,middelburg1847-feestbundel1864,middelburg1847-feestbundel1864-87,VI Volkslied,"Wij leven vrij, wij leven blij",1863,,middelburg1847
utrecht1851,utrecht1851-feestbundel1855,utrecht1851-feestbundel1855-01,Het welkom der leden,Waar kan men beter zijn,1855,J.H.C. Venman,utrecht1851
utrecht1851,utrecht1851-feestbundel1855,utrecht1851-feestbundel1855-02,Triomf-zang,,1855,A. Zadelhoff,utrecht1851
utrecht1851,utrecht1851-feestbundel1855,utrecht1851-feestbundel1855-03,Feestzang,,1855,J.C. Paap,utrecht1851
utrecht1851,utrecht1851-feestbundel1855,utrecht1851-feestbundel1855-04,Feestmarsch,,1855,,utrecht1851
utrecht1851,utrecht1851-feestbundel1855,utrecht1851-feestbundel1855-05,Huldezang,De wereld is in rep en roer,1855,,utrecht1851
utrecht1851,utrecht1851-feestbundel1855,utrecht1851-feestbundel1855-06,Gezelschapslied,,1855,,utrecht1851
utrecht1851,utrecht1851-feestbundel1855,utrecht1851-feestbundel1855-07,Koster's kunst herdacht,De wereld is in rep en roer,1855,B. Lageman,utrecht1851
utrecht1851,utrecht1851-feestbundel1855,utrecht1851-feestbundel1855-08,VRIENDSCHAP,Ein freyes leben,1855,J.C. Paap,utrecht1851
utrecht1851,utrecht1851-feestbundel1855,utrecht1851-feestbundel1855-09,Huldezang,,1855,C. Mommaas,utrecht1851
utrecht1851,utrecht1851-feestbundel1855,utrecht1851-feestbundel1855-10,Koster’s feest,De Koning leef,1855,J.H.C. Venman,utrecht1851
utrecht1851,utrecht1851-feestbundel1855,utrecht1851-feestbundel1855-11,De vrolijke typografen,Mijn zuster heeft een vrijer,1855,C. Mommaas,utrecht1851
utrecht1851,utrecht1851-feestbundel1855,utrecht1851-feestbundel1855-12,Boom der typographische vereeniging,"Bij mannen, die van liefde blaken",1855,J.H.C. Venman,utrecht1851
utrecht1851,utrecht1851-feestbundel1855,utrecht1851-feestbundel1855-13,Welkomst en koppergroet aan de eere-leden,God save the king,1855,C. Mommaas,utrecht1851
utrecht1851,utrecht1851-feestbundel1855,utrecht1851-feestbundel1855-14,Feest-marsch,De jagers van Van Dam,1855,J.H.C. Venman,utrecht1851
utrecht1851,utrecht1851-feestbundel1855,utrecht1851-feestbundel1855-15,Zingen en drinken,,1855,,utrecht1851
utrecht1851,utrecht1851-feestbundel1855,utrecht1851-feestbundel1855-16,Leve de Vereeniging,Eens werd er aan de zeeuwsche kust,1855,C. Mommaas,utrecht1851
utrecht1851,utrecht1851-feestbundel1855,utrecht1851-feestbundel1855-17,Feest-vreugde,Wij zijn lustig,1855,J.J. van Stempfoort,utrecht1851
utrecht1851,utrecht1851-feestbundel1855,utrecht1851-feestbundel1855-18,Drinklied,Io Vivat,1855,M,utrecht1851
utrecht1851,utrecht1851-feestbundel1855,utrecht1851-feestbundel1855-19,Koster zij de leuze,,1855,C. Mommaas & J.C. Paap,utrecht1851
utrecht1851,utrecht1851-feestbundel1855,utrecht1851-feestbundel1855-20,Vreugde en dank,Het eerst wat God schiep aan den man,1855,J.H.C. Venman,utrecht1851
utrecht1851,utrecht1851-feestbundel1855,utrecht1851-feestbundel1855-21,Ontboezeming,"Wat wordt het laat, de klok slaat acht!",1855,J.J. van Stempfoort,utrecht1851
utrecht1851,utrecht1851-feestbundel1855,utrecht1851-feestbundel1855-22,Feestlied,God save the king,1855,S,utrecht1851
utrecht1851,utrecht1851-feestzangen1853,utrecht1851-feestzangen1853-01,De Welkomst,Wien Neerlands bloed,1853,J.H.C. Venman,utrecht1851
utrecht1851,utrecht1851-feestzangen1853,utrecht1851-feestzangen1853-02,Leve Laurens Koster,Eens werd er aan de zeeuwsche kust,1853,J.H.C. Venman,utrecht1851
utrecht1851,utrecht1851-feestzangen1853,utrecht1851-feestzangen1853-03,Aan de eereleden en voorstanders,"Marcheren, marcheren",1853,J.H.C. Venman,utrecht1851
utrecht1851,utrecht1851-feestzangen1853,utrecht1851-feestzangen1853-04,HULDEZANG,Wien Neerlands bloed,1853,C. Mommaas,utrecht1851
utrecht1851,utrecht1851-feestzangen1853,utrecht1851-feestzangen1853-05,Aria,Wien Neerlands bloed,1853,J.C. Paap,utrecht1851
utrecht1851,utrecht1851-feestzangen1853,utrecht1851-feestzangen1853-06,Feestlied,Kermis komt maar eens in ‘t jaar,1853,P.B. van Putten,utrecht1851
utrecht1851,utrecht1851-feestzangen1853,utrecht1851-feestzangen1853-07,De drukkerij,"Al is het prinsje nog zo klein, hoezee!",1853,J.C. Paap,utrecht1851
utrecht1851,utrecht1851-feestzangen1853,utrecht1851-feestzangen1853-08,"Vereeniging van Zetters, Drukkers en Binders",Hoe zoet is het in de lente te leven,1853,J.H.C. Venman,utrecht1851
utrecht1851,utrecht1851-feestzangen1853,utrecht1851-feestzangen1853-09,De Typographische leden,Io Vivat,1853,J.H.C. Venman,utrecht1851
utrecht1851,utrecht1851-feestzangen1853,utrecht1851-feestzangen1853-10,Leve de drukkunst,Lof des wijns,1853,J.C. Paap,utrecht1851
utrecht1851,utrecht1851-feestzangen1853,utrecht1851-feestzangen1853-11,Vriendschap,Rinaldini,1853,J.C. Paap,utrecht1851
utrecht1851,utrecht1851-feestzangen1853,utrecht1851-feestzangen1853-12,Vriendezang,De Koning leef,1853,J.J. van Stempfoort,utrecht1851
utrecht1851,utrecht1851-feestzangen1853,utrecht1851-feestzangen1853-13,Feestdronk,Io Vivat,1853,C. Mommaas,utrecht1851
utrecht1851,utrecht1851-feestzangen1853,utrecht1851-feestzangen1853-14,De vriendschap,God save the king,1853,C. Mommaas,utrecht1851
utrecht1851,utrecht1851-feestzangen1853,utrecht1851-feestzangen1853-15,Herinnering,"Is 't u bekend, getrouwe burgerscharen?",1853,C. Mommaas,utrecht1851
utrecht1851,utrecht1851-feestzangen1853,utrecht1851-feestzangen1853-16,Vreugdezang,,1853,P.G. van de Kamp,utrecht1851
utrecht1851,utrecht1851-feestzangen1853,utrecht1851-feestzangen1853-17,Aan het bestuur der vereeniging,Het vrolijk leven is ons lot,1853,J.H. Dortmond,utrecht1851
utrecht1851,utrecht1851-feestzangen1853,utrecht1851-feestzangen1853-18,Feestlied,'t Blij hoezee wordt aangeheven,1853,C. Mommaas,utrecht1851
utrecht1851,utrecht1851-feestzangen1853,utrecht1851-feestzangen1853-19,Ontboezeming,Daar komt Paulus Jonas aan,1853,P.G. van de Kamp,utrecht1851
utrecht1851,utrecht1851-feestzangen1853,utrecht1851-feestzangen1853-20,"Dankbetuiging aan beschermheer, eereleden en donateurs","Ziet, vrienden, welk een schoone morgen.",1853,J.H.C. Venman,utrecht1851
utrecht1851,utrecht1851-feestzangen1853,utrecht1851-feestzangen1853-21,Leve de drukkunst,De Koning leef,1853,B. Lageman,utrecht1851
utrecht1851,utrecht1851-feestzangen1853,utrecht1851-feestzangen1853-22,Feestlied,Ach mijn zusje is gestorven,1853,J.J. van Stempfoort,utrecht1851
utrecht1851,utrecht1851-feestzangen1853,utrecht1851-feestzangen1853-23,Feestmarsch,,1853,,
utrecht1851,utrecht1851-feestzangen1853,utrecht1851-feestzangen1853-24,Feestmarsch,Henri's drinklied,1853,J.H.C. Venman,utrecht1851
utrecht1851,utrecht1851-feestzangen1853,utrecht1851-feestzangen1853-25,Feestmarsch,Wij zijn lustig,1853,C. Mommaas,utrecht1851
utrecht1851,utrecht1851-feestzangen1853,utrecht1851-feestzangen1853-26,Afscheid,,,,
utrecht1851,utrecht1851-feestzangen1854,utrecht1851-feestzangen1854-01,WELKOMSTGROET,Wien Neerlands bloed,1854,P.A. van Doorn,utrecht1851
utrecht1851,utrecht1851-feestzangen1854,utrecht1851-feestzangen1854-02,Welkom,Wij zijn lustig,1854,P.G. van de Kamp,utrecht1851
utrecht1851,utrecht1851-feestzangen1854,utrecht1851-feestzangen1854-03,HULDE AAN DEN BESCHERMHEER,Het vrolijk leven is ons lot,1854,C. Mommaas,utrecht1851
utrecht1851,utrecht1851-feestzangen1854,utrecht1851-feestzangen1854-04,HEILZANG,"Wij leven vrij, wij leven blij",1854,J.H. Dortmond,utrecht1851
utrecht1851,utrecht1851-feestzangen1854,utrecht1851-feestzangen1854-05,LEVE DE DRUKKUNST,,1854,F.C. Picard,utrecht1851
utrecht1851,utrecht1851-feestzangen1854,utrecht1851-feestzangen1854-06,HULDE AAN KOSTER,Rambamboli,1854,A. van Zutphen,utrecht1851
utrecht1851,utrecht1851-feestzangen1854,utrecht1851-feestzangen1854-07,DE DRUKKUNST,De Koning leef,1854,C. Mommaas,utrecht1851
utrecht1851,utrecht1851-feestzangen1854,utrecht1851-feestzangen1854-08,KOSTERS KUNST,Henri's drinklied,1854,P.G. van de Kamp,utrecht1851
utrecht1851,utrecht1851-feestzangen1854,utrecht1851-feestzangen1854-09,FEESTLIED,De Koning leef,1854,F.C. Picard,utrecht1851
utrecht1851,utrecht1851-feestzangen1854,utrecht1851-feestzangen1854-10,EEN KLEINE VONK ONTSTEEKT WEL EEN GROOTEN BRAND,Daar komt Paulus Jonas aan,1854,J.P. Dieterich,utrecht1851
utrecht1851,utrecht1851-feestzangen1854,utrecht1851-feestzangen1854-11,KOSTERS VINDING HERDACHT,De hemel heeft den wijn gegeven,1854,C. Hazendonk,utrecht1851
utrecht1851,utrecht1851-feestzangen1854,utrecht1851-feestzangen1854-12,HULDEZANG DOOR KOSTERS ZONEN,"Op, Tirailleurs, de dag breekt aan",1854,A. van Zutphen,utrecht1851
utrecht1851,utrecht1851-feestzangen1854,utrecht1851-feestzangen1854-13,KOSTERS GEEST,Femmes voulez-vous éprouver,1854,,
utrecht1851,utrecht1851-feestzangen1854,utrecht1851-feestzangen1854-14,NUT EN GENOEGEN,God save the king,1854,J.C. Paap,utrecht1851
utrecht1851,utrecht1851-feestzangen1854,utrecht1851-feestzangen1854-15,VRIENDSCHAP,Io Vivat,1854,B. Lageman,utrecht1851
utrecht1851,utrecht1851-feestzangen1854,utrecht1851-feestzangen1854-16,DANKTOON EN HEILBEDE,Wien Neerlands bloed,1854,J.H. Dortmond,utrecht1851
utrecht1851,utrecht1851-feestzangen1854,utrecht1851-feestzangen1854-17,DE TYPOGRAPHISCHE LEDEN,"Ge vergt me, dat ik zingen zal",1854,J.H.C. Venman,utrecht1851
utrecht1851,utrecht1851-feestzangen1854,utrecht1851-feestzangen1854-18,FEESTLIED,Io Vivat,1854,J.P. Dieterich,utrecht1851
utrecht1851,utrecht1851-feestzangen1854,utrecht1851-feestzangen1854-19,FEESTLIED,Lof des wijns,1854,P.A. van Doorn,utrecht1851
utrecht1851,utrecht1851-feestzangen1854,utrecht1851-feestzangen1854-20,FEESTLIED,Schep vreugde in 't leven,1854,"J.J. van Stempfoort, Jz.",utrecht1851
utrecht1851,utrecht1851-feestzangen1854,utrecht1851-feestzangen1854-21,DRINKLIED,Henri's drinklied,1854,C. Mommaas,utrecht1851
utrecht1851,utrecht1851-feestzangen1854,utrecht1851-feestzangen1854-22,FEESTDRONK,De wereld is in rep en roer,1854,P.G. van de Kamp,utrecht1851
utrecht1851,utrecht1851-feestzangen1854,utrecht1851-feestzangen1854-23,HET GEBOUW VOOR KUNSTEN EN WETENSCHAPPEN,,1854,J.C. Paap,utrecht1851
utrecht1851,utrecht1851-feestzangen1854,utrecht1851-feestzangen1854-24,FEEST-MARSCH,"Vader Koster, vrolijk zingen",1854,B. Lageman,utrecht1851
utrecht1851,utrecht1851-feestzangen1854,utrecht1851-feestzangen1854-25,FEEST-MARSCH,Henri's drinklied,1854,J.H.C. Venman,utrecht1851
utrecht1851,utrecht1851-feestzangen1854,utrecht1851-feestzangen1854-26,FEEST-MARSCH,Wij zijn lustig,1854,P.A. van Doorn,utrecht1851
utrecht1851,utrecht1851-feestzangen1854,utrecht1851-feestzangen1854-27,FEEST-MARSCH,Mijnheer Gordon is een brave kapitein,1854,J.H.C. Venman,utrecht1851
utrecht1851,utrecht1851-feestzangen1854,utrecht1851-feestzangen1854-28,FEEST-MARSCH,Henri's drinklied,1854,"J.J. van Stempfoort, Jz.",utrecht1851
utrecht1851,utrecht1851-feestzangen1854,utrecht1851-feestzangen1854-29,HET AFSCHEID,"Wat wordt het laat, de klok slaat acht!",1854,J.H.C. Venman,utrecht1851
utrecht1851,utrecht1851-feestzangen1854,utrecht1851-feestzangen1854-30,AFSCHEIDSLIED,Es kann ja nicht immer so bleiben,1854,J.P. Dieterich,utrecht1851
utrecht1851,utrecht1851-feestzangen1854,utrecht1851-feestzangen1854-a,,,1854,,utrecht1851
utrecht1851,utrecht1851-feestzangen1854,utrecht1851-feestzangen1854-b,Toewijding aan den beschermheer en de eere-leden der typographische vereeniging nut en genoegen.,,1854,,utrecht1851
utrecht1851,utrecht1851-feestzangen1856,utrecht1851-feestzangen1856-01,Hulde aan Coster,Alle mooie meisjes,1856,P.G. van de Kamp,utrecht1851
utrecht1851,utrecht1851-feestzangen1856,utrecht1851-feestzangen1856-02,De vereeniging,De wereld is in rep en roer,1856,J.C. Paap,utrecht1851
utrecht1851,utrecht1851-feestzangen1856,utrecht1851-feestzangen1856-03,Lof der drukkunst,De wereld is in rep en roer,1856,W. Vos,utrecht1851
utrecht1851,utrecht1851-feestzangen1856,utrecht1851-feestzangen1856-04,Waarde der drukkunst,Wien Neerlands bloed,1856,J.H.C. Venman,utrecht1851
utrecht1851,utrecht1851-feestzangen1856,utrecht1851-feestzangen1856-05,Feestgenot,Weer een anderen Atlas,1856,A. van Zutphen,utrecht1851
utrecht1851,utrecht1851-feestzangen1856,utrecht1851-feestzangen1856-06,Hulde aan de vrouwen,Henri's drinklied,1856,J.H. Dortmond,utrecht1851
utrecht1851,utrecht1851-feestzangen1856,utrecht1851-feestzangen1856-07,Hulde aan Laurens Jansz Coster en de boekdrukkunst,"Vader Koster, vrolijk zingen",1856,J.C. Paap,utrecht1851
utrecht1851,utrecht1851-feestzangen1856,utrecht1851-feestzangen1856-08,Koppermaandag,De kermis komt maar eens in ‘t jaar,1856,C. Mommaas,utrecht1851
utrecht1851,utrecht1851-feestzangen1856,utrecht1851-feestzangen1856-09,De boekdrukkunst geschetst als de grootste schat,Partant pour la Syrie,1856,P.G. van de Kamp,utrecht1851
utrecht1851,utrecht1851-feestzangen1856,utrecht1851-feestzangen1856-10,Costers vinding,Eens werd er aan de zeeuwsche kust,1856,B. van der Karst,utrecht1851
utrecht1851,utrecht1851-feestzangen1856,utrecht1851-feestzangen1856-11,Feestmarsch,,1856,,utrecht1851
utrecht1851,utrecht1851-feestzangen1856,utrecht1851-feestzangen1856-12,Louwtjes vreugd,Er ging een pater langs de kant,1856,A. van Zutphen,utrecht1851
utrecht1851,utrecht1851-feestzangen1856,utrecht1851-feestzangen1856-13,Een nieuw liedje,[Op een oud wijsje],1856,C. Mommaas,utrecht1851
utrecht1851,utrecht1851-feestzangen1856,utrecht1851-feestzangen1856-14,Feestlied,Wij zitten hier in dit vertrek,1856,C. Molhelm,utrecht1851
utrecht1851,utrecht1851-feestzangen1856,utrecht1851-feestzangen1856-15,Welkom aan het bestuur,Wien Neerlands bloed,1856,B. Lageman,utrecht1851
utrecht1851,utrecht1851-feestzangen1856,utrecht1851-feestzangen1856-16,Drinklied,Oh fortune a ton caprise,1856,W.J. van Schaik,utrecht1851
utrecht1851,utrecht1851-feestzangen1856,utrecht1851-feestzangen1856-17,Dankbetuiging aan den beschermheer en eere-leden,De lange dag is weer voorbij,1856,V.,utrecht1851
utrecht1851,utrecht1851-feestzangen1856,utrecht1851-feestzangen1856-18,Feestmarsch ter eere der vereeniging,Mijn lieve Krulle Mie,1856,B. Lageman,utrecht1851
utrecht1851,utrecht1851-feestzangen1858,utrecht1851-feestzangen1858-01,Feestmarsch,,1858,,utrecht1851
utrecht1851,utrecht1851-feestzangen1858,utrecht1851-feestzangen1858-02,Vrienden-zang,Wij zijn lustig,1858,C. Mommaas,utrecht1851
utrecht1851,utrecht1851-feestzangen1858,utrecht1851-feestzangen1858-03,Hulde aan Coster,Eens werd er aan de zeeuwsche kust,1858,J.H.C. Venman,utrecht1851
utrecht1851,utrecht1851-feestzangen1858,utrecht1851-feestzangen1858-04,Van dik hout zaagt men planken,De wereld is in rep en roer,1858,B. van der Karst,utrecht1851
utrecht1851,utrecht1851-feestzangen1858,utrecht1851-feestzangen1858-05,Hulde der feestvierende dames,De wereld is in rep en roer,1858,J.H.C. Venman,utrecht1851
utrecht1851,utrecht1851-feestzangen1858,utrecht1851-feestzangen1858-06,Het zevende jaar,Wien Neerlands bloed,1858,J.P.V.,utrecht1851
utrecht1851,utrecht1851-feestzangen1858,utrecht1851-feestzangen1858-06b,Zangleus,De wereld is in rep en roer,1857,J.C. Paap,utrecht1851
utrecht1851,utrecht1851-feestzangen1858,utrecht1851-feestzangen1858-07,Hulde aan het bestuur,De wereld is in rep en roer,1858,J.F.M.,utrecht1851
utrecht1851,utrecht1851-feestzangen1858,utrecht1851-feestzangen1858-08,Leve de drukkunst,De Koning leef,1853,B. Lageman,utrecht1851
utrecht1851,utrecht1851-feestzangen1858,utrecht1851-feestzangen1858-09,Hulde aan Coster,"Uit de opera Martha, of Haarlems Huldezang",1858,J.C. Paap,utrecht1851
utrecht1851,utrecht1851-feestzangen1858,utrecht1851-feestzangen1858-10,Vriendenzang,,1852,C. Mommaas,utrecht1851
utrecht1851,utrecht1851-feestzangen1858,utrecht1851-feestzangen1858-11,Kopper-lied,Io Vivat,1858,J.P. Dieterich,utrecht1851
utrecht1851,utrecht1851-feestzangen1858,utrecht1851-feestzangen1858-12,De wandeling,Aan den oever van een’ snellen vliet,1858,J.H.C. Venman,utrecht1851
utrecht1851,utrecht1851-feestzangen1858,utrecht1851-feestzangen1858-13,Na den regen komt mooi weder,Henri's drinklied,1858,B. van der Karst,utrecht1851
utrecht1851,utrecht1851-feestzangen1858,utrecht1851-feestzangen1858-14,Danktoon aan het Tooneelgezelschap,Io Vivat,1858,J.H.C. Venman,utrecht1851
utrecht1851,utrecht1851-feestzangen1858,utrecht1851-feestzangen1858-15,Feestvreugde,O groote koopman in tabak,1858,J.P. Dieterich,utrecht1851
utrecht1851,utrecht1851-feestzangen1858,utrecht1851-feestzangen1858-16,Vreugdezang,"Trien, Trien",1853,P.G. van de Kamp,utrecht1851
utrecht1851,utrecht1851-feestzangen1858,utrecht1851-feestzangen1858-17,Alles kan verkeren,Colijn een brave boeren zoon,1858,C. Mommaas,utrecht1851
utrecht1851,utrecht1851-feestzangen1858,utrecht1851-feestzangen1858-18,Kopperlied,Dat gaat naar Den Bosch toe,1858,C. Mommaas,utrecht1851
utrecht1851,utrecht1851-feestzangen1859,utrecht1851-feestzangen1859-01,Feestmarsch,,1859,,utrecht1851
utrecht1851,utrecht1851-feestzangen1859,utrecht1851-feestzangen1859-02,De welkomst,Triomf! Triomf! Het Costerfeest,1859,J.H.C. Venman,utrecht1851
utrecht1851,utrecht1851-feestzangen1859,utrecht1851-feestzangen1859-03,Hulde aan Laurens Coster,Henri's drinklied,1859,C.J. van Dijk,utrecht1851
utrecht1851,utrecht1851-feestzangen1859,utrecht1851-feestzangen1859-04,Opwekking tot zingen,"Vader Koster, vrolijk zingen",1859,C.J. van Dijk,utrecht1851
utrecht1851,utrecht1851-feestzangen1859,utrecht1851-feestzangen1859-05,Feestlied,Aria uit de opera Martha,1859,C. Mommaas,utrecht1851
utrecht1851,utrecht1851-feestzangen1859,utrecht1851-feestzangen1859-06,Aan Laurens Coster,O vader Abraham,1859,B. van der Karst,utrecht1851
utrecht1851,utrecht1851-feestzangen1859,utrecht1851-feestzangen1859-07,Drukkersliedje,Henri's drinklied,1859,J.J. van Stempfoort,utrecht1851
utrecht1851,utrecht1851-feestzangen1859,utrecht1851-feestzangen1859-08,Opwekking,Wien Neerlands bloed,1859,C.F. van Steijn Cz,utrecht1851
utrecht1851,utrecht1851-feestzangen1859,utrecht1851-feestzangen1859-09,Aan het bestuur,Io Vivat,1859,C.J. van Dijk,utrecht1851
utrecht1851,utrecht1851-feestzangen1859,utrecht1851-feestzangen1859-10,Drinklied,Schep vreugde in 't leven,1859,C.F. van Steijn Cz,utrecht1851
utrecht1851,utrecht1851-feestzangen1859,utrecht1851-feestzangen1859-11,Feestmarsch,"Vooruit maar, vooruit maar",1859,J.H.C. Venman,utrecht1851
utrecht1851,utrecht1851-feestzangen1859,utrecht1851-feestzangen1859-12,Oud wordt nieuw,De wereld is in rep en roer,1859,J.H.C. Venman,utrecht1851
utrecht1851,utrecht1851-feestzangen1859,utrecht1851-feestzangen1859-13,Afscheid,"Wat wordt het laat, de klok slaat acht!",1859,J.H.C. Venman,utrecht1851
utrecht1851,utrecht1851-feestzangen1860,utrecht1851-feestzangen1860-01,Feestmarsch,,1860,,utrecht1851
utrecht1851,utrecht1851-feestzangen1860,utrecht1851-feestzangen1860-02,Welkomstgroet bij den aanvang van het feest,Wien Neerlands bloed,1860,C. Mommaas,utrecht1851
utrecht1851,utrecht1851-feestzangen1860,utrecht1851-feestzangen1860-03,De welkomst,Wilhelmus,1860,J.H.C. Venman,utrecht1851
utrecht1851,utrecht1851-feestzangen1860,utrecht1851-feestzangen1860-04,Opwekking tot zingen,Io Vivat,1860,C.J. van Dijk,utrecht1851
utrecht1851,utrecht1851-feestzangen1860,utrecht1851-feestzangen1860-05,Drinklied,Kom broeder neem het glaasje,1860,J.H.C. Venman,utrecht1851
utrecht1851,utrecht1851-feestzangen1860,utrecht1851-feestzangen1860-06,Feestmarsch,De kleine rekruut,1860,C. Mommaas,utrecht1851
utrecht1851,utrecht1851-feestzangen1860,utrecht1851-feestzangen1860-07,Dankbetuiging der feestgenoten,Wij zijn lustig,1860,Spiritus Lenis,utrecht1851
utrecht1851,utrecht1851-feestzangen1860,utrecht1851-feestzangen1860-08,Feestlied,Henri's drinklied,1860,Practicus,utrecht1851
utrecht1851,utrecht1851-feestzangen1860,utrecht1851-feestzangen1860-09,Haarlem’s Roem,"Wijkt, zorgen wijkt van ‘t vrolijk Kopperfeest",1860,J.H.C. Venman,utrecht1851
utrecht1851,utrecht1851-feestzangen1860,utrecht1851-feestzangen1860-10,Feestlied,Die niet draaijen wil,1860,D. Kisjes,utrecht1851
utrecht1851,utrecht1851-feestzangen1860,utrecht1851-feestzangen1860-11,Opwekking tot zingen,Als de Auvergnezen vrolijk zijn,1860,C.J. van Dijk,utrecht1851
utrecht1851,utrecht1851-feestzangen1860,utrecht1851-feestzangen1860-12,Nog een liedje,Jij moet zo niet draaijen,1860,C. Mommaas,utrecht1851
utrecht1851,utrecht1851-feestzangen1860,utrecht1851-feestzangen1860-13,Feestmarsch,Mijn lieve Krulle Mie,1860,B. Lageman,utrecht1851
utrecht1851,utrecht1851-feestzangen1860,utrecht1851-feestzangen1860-14,Hulde aan Coster,Alle mooie meisjes,1860,P.G. van de Kamp,utrecht1851
utrecht1851,utrecht1851-feestzangen1860,utrecht1851-feestzangen1860-15,Afscheid,'t Zal wel gaan,1860,J.H.C. Venman,utrecht1851
utrecht1851,utrecht1851-feestzangen1861,utrecht1851-feestzangen1861-01a,Feestmarsch 1,Io Vivat,1861,B. Lageman,utrecht1851
utrecht1851,utrecht1851-feestzangen1861,utrecht1851-feestzangen1861-01b,Feestmarsch 2,Haarlems Huldezang,1861,B. Lageman,utrecht1851
utrecht1851,utrecht1851-feestzangen1861,utrecht1851-feestzangen1861-01c,Feestmarsch 3,Typographen-marsch,1861,B. Lageman,utrecht1851
utrecht1851,utrecht1851-feestzangen1861,utrecht1851-feestzangen1861-02,Welkomstgroet,Wien Neerlands bloed,1861,R.G. Ming,utrecht1851
utrecht1851,utrecht1851-feestzangen1861,utrecht1851-feestzangen1861-03_01,Feestcantate 1,God save the king,1861,C. Mommaas,utrecht1851
utrecht1851,utrecht1851-feestzangen1861,utrecht1851-feestzangen1861-03_02,Feestcantate 2,"Wat wordt het laat, de klok slaat acht!",1861,C. Mommaas,utrecht1851
utrecht1851,utrecht1851-feestzangen1861,utrecht1851-feestzangen1861-03_03,Feestcantate 3,Io Vivat,1861,C. Mommaas,utrecht1851
utrecht1851,utrecht1851-feestzangen1861,utrecht1851-feestzangen1861-03_04,Feestcantate 4,Wien Neerlands bloed,1861,C. Mommaas,utrecht1851
utrecht1851,utrecht1851-feestzangen1861,utrecht1851-feestzangen1861-03_05,Feestcantate 5,Io Vivat,1861,C. Mommaas,utrecht1851
utrecht1851,utrecht1851-feestzangen1861,utrecht1851-feestzangen1861-03_06,Feestcantate 6,Wien Neerlands bloed,1861,C. Mommaas,utrecht1851
utrecht1851,utrecht1851-feestzangen1861,utrecht1851-feestzangen1861-03_07,Feestcantate 7,Henri's drinklied,1861,C. Mommaas,utrecht1851
utrecht1851,utrecht1851-feestzangen1861,utrecht1851-feestzangen1861-03_08,Feestcantate 8,Uit de opera Martha,1861,C. Mommaas,utrecht1851
utrecht1851,utrecht1851-feestzangen1861,utrecht1851-feestzangen1861-03_09,Feestcantate 9,Schilder! ‘k wou mij zelv’ eens zien,1861,C. Mommaas,utrecht1851
utrecht1851,utrecht1851-feestzangen1861,utrecht1851-feestzangen1861-04,De stichting en het 10-jarig bestaan der vereeniging,Uit de opera Martha,1861,R.G. Ming,utrecht1851
utrecht1851,utrecht1851-feestzangen1861,utrecht1851-feestzangen1861-05,Hulde aan het bestuur en de eereleden,Wien Neerlands bloed,1861,I.J. L.,utrecht1851
utrecht1851,utrecht1851-feestzangen1861,utrecht1851-feestzangen1861-06,Koppervreugde,Het Vlaamsche meisje met een Franschman,1861,C. Mommaas,utrecht1851
utrecht1851,utrecht1851-feestzangen1861,utrecht1851-feestzangen1861-07,Eere aan de meisjes,Gaat van zelve,1861,P.G. van de Kamp,utrecht1851
utrecht1851,utrecht1851-feestzangen1861,utrecht1851-feestzangen1861-08,Hulde aan de boekdrukkunst,Zijt gezegend heil der aarde,1861,L. Rogier,utrecht1851
utrecht1851,utrecht1851-feestzangen1861,utrecht1851-feestzangen1861-09,Feestvreugde,[bekend],1861,I.J. L,utrecht1851
utrecht1851,utrecht1851-feestzangen1861,utrecht1851-feestzangen1861-10,Opwekking tot zingen,Bij Piet slok daar moet men wezen,1861,J.J. van Stempfoort,utrecht1851
utrecht1851,utrecht1851-feestzangen1861,utrecht1851-feestzangen1861-11a,Feestvreugde 1,Wien Neerlands bloed,1861,J.J. van Stempfoort,utrecht1851
utrecht1851,utrecht1851-feestzangen1861,utrecht1851-feestzangen1861-11b,Feestvreugde 2,Schep vreugde in 't leven,1861,J.J. van Stempfoort,utrecht1851
utrecht1851,utrecht1851-feestzangen1861,utrecht1851-feestzangen1861-11c,Feestvreugde 3,Io Vivat,1861,J.J. van Stempfoort,utrecht1851
utrecht1851,utrecht1851-feestzangen1861,utrecht1851-feestzangen1861-12,Hulde aan Coster,Wien Neerlands bloed,1861,A. Monsjou,utrecht1851
utrecht1851,utrecht1851-feestzangen1861,utrecht1851-feestzangen1861-13,Feestzang,Henri's drinklied,1861,I.J. L.,utrecht1851
utrecht1851,utrecht1851-feestzangen1861,utrecht1851-feestzangen1861-14,De boekdrukkunst,Komt broeders wijden wij een lied,1861,J. Hendriksen,utrecht1851
utrecht1851,utrecht1851-feestzangen1861,utrecht1851-feestzangen1861-15,Feestmarsch,[bekend],1861,,utrecht1851
utrecht1851,utrecht1851-feestzangen1861,utrecht1851-feestzangen1861-16,Naar huis,"Jut, Jut, mijn lieve Saartje / al zijt ge scheel, ik heb u lief",1861,J.H.C. Venman,utrecht1851
utrecht1851,utrecht1851-feestzangen1862,utrecht1851-feestzangen1862-01,Feestmarsch,[bekend],1862,,utrecht1851
utrecht1851,utrecht1851-feestzangen1862,utrecht1851-feestzangen1862-03,Feestgroet,Buurman Teunis met zijn kniertje,1862,H.J. v. d. W.,utrecht1851
utrecht1851,utrecht1851-feestzangen1862,utrecht1851-feestzangen1862-04,Vreugdezang,Als de bloemen,1862,,utrecht1851
utrecht1851,utrecht1851-feestzangen1862,utrecht1851-feestzangen1862-07,Feestlied,Wien Neerlands bloed,1862,A. Monsjou,utrecht1851
utrecht1851,utrecht1851-feestzangen1862,utrecht1851-feestzangen1862-08,Vreugdezang,"Trien, Trien",1853,P.G. van de Kamp,utrecht1851
utrecht1851,utrecht1851-feestzangen1862,utrecht1851-feestzangen1862-09,Leve Laurens Coster!,Eens werd er aan de zeeuwsche kust,1853,J.H.C. Venman,utrecht1851
utrecht1851,utrecht1851-feestzangen1862,utrecht1851-feestzangen1862-10,Van dik hout zaagt men planken,De wereld is in rep en roer,1858,B. van der Karst,utrecht1851
utrecht1851,utrecht1851-feestzangen1862,utrecht1851-feestzangen1862-11,Leve de drukkunst,De Koning leef,1853,B. Lageman,utrecht1851
utrecht1851,utrecht1851-feestzangen1862,utrecht1851-feestzangen1862-12,Feestvreugde,Schilder! ‘k wou mij zelv’ eens zien,1862,Cornelis,utrecht1851
utrecht1851,utrecht1851-feestzangen1862,utrecht1851-feestzangen1862-13,Afscheidslied,Es kann ja nicht immer so bleiben,1854,J.P. Dieterich,utrecht1851
utrecht1851,utrecht1851-feestzangen1863,utrecht1851-feestzangen1863-01,Feestmarsch,,1863,,utrecht1851
utrecht1851,utrecht1851-feestzangen1863,utrecht1851-feestzangen1863-02,Feestgroet,Buurman Teunis met zijn kniertje,1863,H.J. v. d. W.,utrecht1851
utrecht1851,utrecht1851-feestzangen1863,utrecht1851-feestzangen1863-03,Koppervreugde,"Kom, volkje, koopt bij mij",1863,C. Mommaas,utrecht1851
utrecht1851,utrecht1851-feestzangen1863,utrecht1851-feestzangen1863-04,Feestmarsch,Wij zijn lustig,1863,C. Mommaas,utrecht1851
utrecht1851,utrecht1851-feestzangen1863,utrecht1851-feestzangen1863-05,Vreugdezang,Als de bloemen,1862,R.G. Ming,utrecht1851
utrecht1851,utrecht1851-feestzangen1863,utrecht1851-feestzangen1863-06,Vreugdezang,Femmes voulez-vous éprouver,1863,,utrecht1851
utrecht1851,utrecht1851-feestzangen1863,utrecht1851-feestzangen1863-07,Drinklied,"Louw, Louw",1863,C. Mommaas,utrecht1851
utrecht1851,utrecht1851-feestzangen1863,utrecht1851-feestzangen1863-08,Vreugdezang,Het Moorenland,1863,C. Mommaas,utrecht1851
utrecht1851,utrecht1851-feestzangen1863,utrecht1851-feestzangen1863-09,Aan Laurens Coster,O vader Abraham,1859,B. van der Karst,utrecht1851
utrecht1851,utrecht1851-feestzangen1863,utrecht1851-feestzangen1863-10,Feestlied,Aria uit de opera Martha,1863,C. Mommaas,utrecht1851
utrecht1851,utrecht1851-feestzangen1863,utrecht1851-feestzangen1863-11,Typographen-marsch,'t Zal wel gaan,1863,B. Lageman,utrecht1851
utrecht1851,utrecht1851-feestzangen1864,utrecht1851-feestzangen1864-01,Feestmarsch,,1864,,utrecht1851
utrecht1851,utrecht1851-feestzangen1864,utrecht1851-feestzangen1864-02,Welkomstlied,Wien Neerlands bloed,1864,Cornelis,utrecht1851
utrecht1851,utrecht1851-feestzangen1864,utrecht1851-feestzangen1864-03,Leve de drukkunst,,1864,F.C. Picard,utrecht1851
utrecht1851,utrecht1851-feestzangen1864,utrecht1851-feestzangen1864-04,Huldezang,Wien Neerlands bloed,1864,Cornelis,utrecht1851
utrecht1851,utrecht1851-feestzangen1864,utrecht1851-feestzangen1864-05,Kosters vinding,"O, mijn lieve Poelekie",1864,J.J. van Stempfoort,utrecht1851
utrecht1851,utrecht1851-feestzangen1864,utrecht1851-feestzangen1864-06,Feestmarsch,Van de mode wil ik zingen,1864,J.J. van Stempfoort,utrecht1851
utrecht1851,utrecht1851-feestzangen1864,utrecht1851-feestzangen1864-07,Feestlied,De Koning leef,1864,F.C. Picard,utrecht1851
utrecht1851,utrecht1851-feestzangen1864,utrecht1851-feestzangen1864-10,Leve de drukkunst,De Koning leef,1864,B. Lageman,utrecht1851
utrecht1851,utrecht1851-feestzangen1864,utrecht1851-feestzangen1864-11,,Henri's drinklied,1864,G.H. Hendriksen,utrecht1851
utrecht1851,utrecht1851-feestzangen1866,utrecht1851-feestzangen1866-01,Welkomstlied,Wien Neerlands bloed,1866,C. Mommaas,utrecht1851
utrecht1851,utrecht1851-feestzangen1866,utrecht1851-feestzangen1866-02,Feestmarsch,,1866,,utrecht1851
utrecht1851,utrecht1851-feestzangen1866,utrecht1851-feestzangen1866-03,Hulde aan de feestdames,Buurman Teunis met zijn kniertje,1866,C. Mommaas,utrecht1851
utrecht1851,utrecht1851-feestzangen1866,utrecht1851-feestzangen1866-04,De boekdrukkunst de onschatbaarste aller kunsten,Wien Neerlands bloed,1866,V. B.,utrecht1851
utrecht1851,utrecht1851-feestzangen1866,utrecht1851-feestzangen1866-05,Typograven kopperlied,Uit den Ketellapper van St. Flour,1866,C. Mommaas,utrecht1851
utrecht1851,utrecht1851-feestzangen1866,utrecht1851-feestzangen1866-06,Ontboezeming,Het Hollandsch hart vergat zijn Koning niet,1866,S.,utrecht1851
utrecht1851,utrecht1851-feestzangen1866,utrecht1851-feestzangen1866-07,Kopperlied,Ich bin der Doctor Eisenbart,1866,C. Mommaas,utrecht1851
utrecht1851,utrecht1851-feestzangen1866,utrecht1851-feestzangen1866-08,Coster en Senefelder,In de Nes,1866,L. de Ruijter,utrecht1851
utrecht1851,utrecht1851-feestzangen1866,utrecht1851-feestzangen1866-09,Vijftienjarige herinnering,De wereld is in rep en roer,1866,C. Mommaas,utrecht1851
utrecht1851,utrecht1851-feestzangen1866,utrecht1851-feestzangen1866-10,Het plantje werd een boom,Wien Neerlands bloed,1866,V.,utrecht1851
utrecht1851,utrecht1851-feestzangen1867,utrecht1851-feestzangen1867-01,,,1867,,utrecht1851
utrecht1851,utrecht1851-feestzangen1867,utrecht1851-feestzangen1867-02,,,1867,,utrecht1851
utrecht1851,utrecht1851-feestzangen1867,utrecht1851-feestzangen1867-03,,,1867,,utrecht1851
utrecht1851,utrecht1851-feestzangen1867,utrecht1851-feestzangen1867-04,,,1867,,utrecht1851
utrecht1851,utrecht1851-feestzangen1867,utrecht1851-feestzangen1867-05,,,1867,,utrecht1851
utrecht1851,utrecht1851-feestzangen1867,utrecht1851-feestzangen1867-06,,,1867,,utrecht1851
utrecht1851,utrecht1851-feestzangen1867,utrecht1851-feestzangen1867-07,,,1867,,utrecht1851
utrecht1851,utrecht1851-feestzangen1868,utrecht1851-feestzangen1868-01,,,1868,,utrecht1851
utrecht1851,utrecht1851-feestzangen1868,utrecht1851-feestzangen1868-02,,,1868,,utrecht1851
utrecht1851,utrecht1851-feestzangen1868,utrecht1851-feestzangen1868-03,,,1868,,utrecht1851
utrecht1851,utrecht1851-feestzangen1868,utrecht1851-feestzangen1868-04,,,1868,,utrecht1851
utrecht1851,utrecht1851-feestzangen1868,utrecht1851-feestzangen1868-05,,,1868,,utrecht1851
utrecht1851,utrecht1851-feestzangen1868,utrecht1851-feestzangen1868-06,,,1868,,utrecht1851
utrecht1851,utrecht1851-feestzangen1868,utrecht1851-feestzangen1868-07,,,1868,,utrecht1851
utrecht1851,utrecht1851-feestzangen1868,utrecht1851-feestzangen1868-08,,,1868,,utrecht1851
utrecht1851,utrecht1851-feestzangen1869,utrecht1851-feestzangen1869-01,,,1869,,utrecht1851
utrecht1851,utrecht1851-feestzangen1869,utrecht1851-feestzangen1869-02,,,1869,,utrecht1851
utrecht1851,utrecht1851-feestzangen1869,utrecht1851-feestzangen1869-03,,,1869,,utrecht1851
utrecht1851,utrecht1851-feestzangen1869,utrecht1851-feestzangen1869-04,,,1869,,utrecht1851
utrecht1851,utrecht1851-feestzangen1869,utrecht1851-feestzangen1869-05,,,1869,,utrecht1851
utrecht1851,utrecht1851-feestzangen1869,utrecht1851-feestzangen1869-06,,,1869,,utrecht1851
utrecht1851,utrecht1851-feestzangen1869,utrecht1851-feestzangen1869-07,,,1869,,utrecht1851
utrecht1851,utrecht1851-feestzangen1869,utrecht1851-feestzangen1869-08,,,1869,,utrecht1851
utrecht1851,utrecht1851-feestzangen1869,utrecht1851-feestzangen1869-09,,,1869,,utrecht1851
utrecht1851,utrecht1851-feestzangen1869,utrecht1851-feestzangen1869-10,,,1869,,utrecht1851
